cpu_usage,memory_usage,net_io,disk_io,cloud_provider,region,vm_type,vCPU,RAM_GB,price_per_hour,latency_ms,throughput,cost,utilization,target
17.96,4.68,15.6,2.9,AWS,eu-west-1,m5.xlarge,4,16,0.192,433.76,1206.22,97.94,11.32,scale_down
6.37,5.45,18.34,15.21,GCP,ap-south-1,c5.2xlarge,8,16,0.34,264.75,869.57,71.5339,5.91,scale_down
99.34,76.98,590.61,671.03,Azure,us-west-2,t3.large,2,8,0.0928,194.32,1966.63,31.2367,88.16,scale_up
76.63,98.47,1465.63,785.04,Azure,eu-west-1,c5.2xlarge,8,16,0.34,155.78,204.37,167.6076,87.55,scale_up
31.55,66.37,203.51,215.63,Azure,ap-south-1,m5.xlarge,4,16,0.192,159.3,1044.94,75.6643,48.96,no_action
28.18,26.84,59.79,46.09,Azure,us-west-2,c5.2xlarge,8,16,0.34,48.8,400.01,11.3963,27.51,no_action
56.4,68.61,342.81,119.0,AWS,us-west-2,c5.2xlarge,8,16,0.34,151.66,338.88,4.1625,62.51,no_action
75.35,75.97,1211.34,774.11,AWS,ap-south-1,t3.micro,2,1,0.0116,304.95,1853.34,5.4418,75.66,no_action
44.89,32.54,224.39,131.3,Azure,us-east-1,m5.xlarge,4,16,0.192,366.16,1278.74,122.6699,38.72,no_action
25.47,21.65,23.6,12.8,Azure,us-east-1,t3.micro,2,1,0.0116,25.01,1424.22,0.9365,23.56,no_action
90.91,79.43,1008.57,844.54,AWS,eu-west-1,m5.xlarge,4,16,0.192,128.4,826.66,104.4943,85.17,scale_up
61.27,65.22,349.74,123.91,AWS,ap-south-1,m5.xlarge,4,16,0.192,57.22,918.5,30.3473,63.24,no_action
66.33,65.84,227.2,77.51,GCP,us-west-2,m5.xlarge,4,16,0.192,117.83,859.94,113.1173,66.09,no_action
88.35,84.54,1192.44,461.65,Azure,eu-west-1,t3.micro,2,1,0.0116,125.84,344.9,1.8362,86.45,scale_up
28.87,7.55,49.72,15.04,AWS,us-west-2,t3.micro,2,1,0.0116,146.0,83.41,5.0956,18.21,no_action
97.71,77.19,644.89,593.67,GCP,eu-west-1,t3.medium,2,4,0.0464,492.9,491.69,22.4699,87.45,scale_up
11.03,18.97,63.35,26.79,Azure,us-east-1,t3.large,2,8,0.0928,49.69,1672.25,21.4963,15.0,scale_down
39.91,58.45,423.8,137.17,Azure,ap-south-1,c5.2xlarge,8,16,0.34,52.61,1881.64,97.5305,49.18,no_action
35.11,66.99,450.94,114.49,AWS,eu-west-1,t3.medium,2,4,0.0464,331.69,1636.27,18.5688,51.05,no_action
28.96,16.75,88.26,9.44,AWS,us-west-2,m5.xlarge,4,16,0.192,143.04,1403.71,117.0719,22.86,no_action
25.53,28.07,78.53,33.45,GCP,ap-south-1,m5.xlarge,4,16,0.192,292.44,750.84,129.9755,26.8,no_action
88.72,90.76,1151.96,434.56,AWS,us-west-2,t3.micro,2,1,0.0116,357.53,482.13,2.7256,89.74,scale_up
55.57,33.75,247.09,116.3,Azure,eu-west-1,m5.xlarge,4,16,0.192,125.77,1946.29,54.4584,44.66,no_action
59.03,56.76,445.67,107.55,Azure,us-west-2,t3.large,2,8,0.0928,252.1,1148.29,51.3732,57.89,no_action
97.09,92.43,1453.07,498.45,GCP,us-east-1,t3.micro,2,1,0.0116,278.62,1148.86,8.188,94.76,scale_up
68.3,42.68,167.8,189.2,Azure,us-east-1,m5.xlarge,4,16,0.192,468.4,1395.1,78.8878,55.49,no_action
41.44,41.81,229.02,262.17,Azure,us-west-2,t3.medium,2,4,0.0464,72.63,1420.73,18.4894,41.62,no_action
26.01,27.4,51.13,25.08,Azure,us-west-2,t3.medium,2,4,0.0464,400.16,1303.43,23.4651,26.7,no_action
89.47,83.15,1172.03,496.89,Azure,eu-west-1,m5.xlarge,4,16,0.192,81.75,1963.86,116.0051,86.31,scale_up
95.57,80.81,627.06,613.35,GCP,us-east-1,t3.medium,2,4,0.0464,386.15,439.48,20.827,88.19,scale_up
85.28,90.99,638.35,379.65,GCP,us-east-1,m5.xlarge,4,16,0.192,484.92,1432.04,5.8613,88.13,scale_up
79.61,72.43,928.31,713.1,GCP,eu-west-1,t3.large,2,8,0.0928,33.81,1831.28,29.608,76.02,no_action
53.25,56.28,274.27,232.51,AWS,us-east-1,t3.micro,2,1,0.0116,28.62,1136.41,1.3348,54.77,no_action
77.35,79.34,1479.51,405.2,AWS,us-west-2,t3.micro,2,1,0.0116,13.49,1529.1,6.7416,78.35,no_action
47.93,54.63,354.04,61.33,AWS,us-west-2,m5.xlarge,4,16,0.192,190.43,1255.46,69.649,51.28,no_action
76.76,89.27,526.51,651.47,AWS,us-east-1,t3.micro,2,1,0.0116,470.41,1155.19,3.2491,83.02,scale_up
24.62,18.78,82.04,32.57,AWS,us-east-1,m5.xlarge,4,16,0.192,107.31,555.18,29.8156,21.7,no_action
45.14,56.23,254.16,220.4,AWS,eu-west-1,t3.medium,2,4,0.0464,173.61,528.78,16.595,50.69,no_action
69.49,59.4,421.39,120.51,AWS,us-west-2,t3.medium,2,4,0.0464,92.83,1503.72,26.9637,64.44,no_action
81.25,87.42,1367.12,637.12,Azure,ap-south-1,t3.micro,2,1,0.0116,123.11,1362.89,6.1827,84.33,scale_up
15.16,24.79,32.0,44.78,AWS,us-west-2,t3.large,2,8,0.0928,197.65,31.57,60.5028,19.98,no_action
20.3,14.48,49.3,4.16,AWS,eu-west-1,m5.xlarge,4,16,0.192,50.39,1208.86,76.6296,17.39,no_action
3.4,27.93,97.42,49.8,AWS,eu-west-1,c5.2xlarge,8,16,0.34,32.66,1476.7,133.7946,15.67,no_action
94.04,88.55,601.12,350.46,GCP,eu-west-1,t3.large,2,8,0.0928,351.98,154.8,54.9299,91.29,scale_up
40.5,53.25,445.26,270.09,GCP,us-east-1,t3.medium,2,4,0.0464,122.16,1816.31,19.7928,46.87,no_action
94.43,86.75,924.22,843.81,GCP,ap-south-1,m5.xlarge,4,16,0.192,60.04,990.32,1.7593,90.59,scale_up
23.02,24.68,74.42,34.05,GCP,us-west-2,m5.xlarge,4,16,0.192,122.57,806.44,66.1396,23.85,no_action
66.09,69.12,322.4,130.67,AWS,us-west-2,t3.micro,2,1,0.0116,26.48,1850.04,7.6774,67.61,no_action
15.69,18.88,69.57,22.73,Azure,eu-west-1,m5.xlarge,4,16,0.192,315.64,1172.79,124.5951,17.29,scale_down
1.74,11.84,10.68,16.78,Azure,ap-south-1,t3.micro,2,1,0.0116,88.99,1297.23,3.2499,6.79,scale_down
99.36,99.59,1198.16,621.66,GCP,ap-south-1,m5.xlarge,4,16,0.192,158.22,1629.45,94.7178,99.47,scale_up
98.51,82.5,1081.16,851.51,AWS,us-west-2,c5.2xlarge,8,16,0.34,45.96,1754.56,135.1812,90.51,scale_up
66.47,69.49,160.17,198.53,Azure,ap-south-1,c5.2xlarge,8,16,0.34,193.54,1940.13,206.2044,67.98,no_action
78.35,70.41,575.36,715.03,AWS,us-west-2,c5.2xlarge,8,16,0.34,269.5,1502.32,223.5725,74.38,no_action
11.34,7.23,20.5,12.57,AWS,us-east-1,c5.2xlarge,8,16,0.34,140.99,422.38,215.0298,9.28,scale_down
87.45,84.29,1331.37,484.67,Azure,ap-south-1,t3.medium,2,4,0.0464,409.11,1936.27,2.9958,85.87,scale_up
75.72,92.65,1120.31,722.45,AWS,us-east-1,t3.large,2,8,0.0928,110.42,281.38,1.0633,84.19,scale_up
49.69,66.17,239.3,178.5,GCP,us-west-2,t3.medium,2,4,0.0464,392.91,799.12,20.8002,57.93,no_action
13.78,25.26,76.89,3.31,AWS,us-east-1,t3.large,2,8,0.0928,27.7,1245.4,23.2733,19.52,no_action
54.18,48.4,333.91,150.08,Azure,ap-south-1,t3.large,2,8,0.0928,350.35,368.33,46.5656,51.29,no_action
60.04,36.89,176.92,60.22,Azure,ap-south-1,t3.micro,2,1,0.0116,88.62,564.39,1.4879,48.47,no_action
46.02,65.77,151.5,132.52,GCP,us-east-1,c5.2xlarge,8,16,0.34,164.18,193.66,117.9608,55.89,no_action
81.92,94.19,1248.26,410.71,Azure,ap-south-1,t3.large,2,8,0.0928,108.63,747.24,32.4217,88.05,scale_up
63.64,31.47,200.97,228.34,Azure,us-west-2,t3.medium,2,4,0.0464,448.13,1028.24,17.7986,47.55,no_action
47.87,34.19,394.96,95.57,GCP,us-west-2,c5.2xlarge,8,16,0.34,284.16,1683.01,22.1469,41.03,no_action
51.33,44.2,359.53,169.9,AWS,us-east-1,m5.xlarge,4,16,0.192,294.18,1476.28,77.1872,47.77,no_action
84.08,89.38,1070.78,513.66,Azure,us-west-2,t3.micro,2,1,0.0116,493.33,1215.49,1.9902,86.73,scale_up
79.02,75.6,785.1,404.02,GCP,us-west-2,c5.2xlarge,8,16,0.34,448.9,169.67,128.5621,77.31,no_action
73.63,64.62,426.83,114.48,Azure,us-west-2,c5.2xlarge,8,16,0.34,89.59,1340.6,227.5353,69.12,no_action
6.15,29.04,71.1,9.98,GCP,eu-west-1,t3.large,2,8,0.0928,369.44,1064.38,47.2815,17.6,no_action
9.62,17.82,36.92,22.71,GCP,eu-west-1,c5.2xlarge,8,16,0.34,276.56,1102.35,49.655,13.72,scale_down
64.21,53.83,288.63,152.96,AWS,eu-west-1,t3.medium,2,4,0.0464,177.69,1859.76,27.7572,59.02,no_action
29.73,6.15,37.92,46.32,GCP,us-west-2,m5.xlarge,4,16,0.192,362.19,105.71,108.0785,17.94,no_action
79.09,74.93,1314.57,699.12,AWS,us-east-1,t3.large,2,8,0.0928,263.92,724.07,58.6224,77.01,no_action
62.12,65.99,349.64,184.95,GCP,ap-south-1,t3.micro,2,1,0.0116,222.18,1159.2,2.9755,64.05,no_action
18.73,3.51,93.98,31.39,GCP,us-east-1,t3.medium,2,4,0.0464,170.78,287.15,26.5364,11.12,scale_down
17.19,29.93,75.24,35.35,AWS,ap-south-1,c5.2xlarge,8,16,0.34,390.39,294.82,50.343,23.56,no_action
10.26,24.64,11.06,42.32,GCP,us-east-1,t3.medium,2,4,0.0464,68.11,800.6,26.6454,17.45,no_action
64.73,30.49,339.38,191.38,AWS,eu-west-1,c5.2xlarge,8,16,0.34,359.51,1202.07,202.4592,47.61,no_action
50.79,67.89,161.34,196.56,GCP,us-west-2,t3.medium,2,4,0.0464,255.41,1226.79,0.6506,59.34,no_action
97.97,93.7,523.02,690.82,Azure,ap-south-1,m5.xlarge,4,16,0.192,386.77,755.13,9.7065,95.84,scale_up
27.77,13.53,11.32,49.24,AWS,us-west-2,t3.large,2,8,0.0928,420.25,258.08,61.5343,20.65,no_action
63.49,38.22,415.12,200.93,Azure,us-east-1,t3.large,2,8,0.0928,61.56,834.86,57.7095,50.86,no_action
71.33,53.48,113.14,278.19,Azure,us-west-2,t3.medium,2,4,0.0464,127.87,1159.49,5.5682,62.41,no_action
8.33,6.6,21.27,25.76,AWS,us-east-1,c5.2xlarge,8,16,0.34,487.89,923.39,136.5789,7.47,scale_down
82.49,79.3,897.32,556.07,Azure,us-east-1,m5.xlarge,4,16,0.192,400.89,705.28,64.8305,80.89,scale_up
55.42,32.63,410.21,163.32,AWS,us-east-1,t3.micro,2,1,0.0116,264.57,887.12,3.3541,44.02,no_action
96.54,98.38,873.31,462.45,Azure,ap-south-1,t3.large,2,8,0.0928,323.78,823.38,1.7867,97.46,scale_up
31.22,38.88,192.43,217.97,GCP,eu-west-1,m5.xlarge,4,16,0.192,14.76,217.18,110.6188,35.05,no_action
62.44,62.21,495.49,200.8,Azure,us-east-1,t3.large,2,8,0.0928,404.39,1925.67,63.1068,62.32,no_action
33.91,55.33,394.36,262.03,GCP,eu-west-1,c5.2xlarge,8,16,0.34,65.77,1754.12,157.5096,44.62,no_action
10.25,7.78,37.97,29.51,GCP,us-east-1,t3.medium,2,4,0.0464,137.69,1252.06,13.705,9.02,scale_down
98.71,92.91,640.11,821.08,GCP,us-east-1,t3.micro,2,1,0.0116,246.28,1790.16,6.6827,95.81,scale_up
63.38,57.95,261.02,104.51,GCP,eu-west-1,t3.micro,2,1,0.0116,324.3,849.19,1.1148,60.66,no_action
75.46,97.43,617.75,645.91,AWS,us-west-2,c5.2xlarge,8,16,0.34,140.66,1112.81,159.5862,86.44,scale_up
78.42,97.0,1373.89,658.45,Azure,us-east-1,t3.medium,2,4,0.0464,302.26,1333.42,5.8971,87.71,scale_up
64.69,46.88,241.55,289.66,AWS,us-west-2,c5.2xlarge,8,16,0.34,96.26,189.77,188.8152,55.79,no_action
83.89,91.57,797.12,639.84,AWS,eu-west-1,c5.2xlarge,8,16,0.34,240.64,1330.71,229.3574,87.73,scale_up
81.56,87.85,551.43,597.82,AWS,us-west-2,c5.2xlarge,8,16,0.34,300.44,675.15,188.7972,84.7,scale_up
48.58,58.2,339.31,164.92,AWS,us-east-1,c5.2xlarge,8,16,0.34,42.59,164.75,0.9119,53.39,no_action
46.24,33.66,466.93,84.2,GCP,us-west-2,t3.large,2,8,0.0928,475.37,897.55,12.4455,39.95,no_action
21.72,19.12,98.06,45.17,Azure,us-east-1,t3.large,2,8,0.0928,325.1,1389.42,3.5354,20.42,no_action
27.76,5.42,56.79,45.77,Azure,ap-south-1,t3.medium,2,4,0.0464,21.8,1397.87,9.9664,16.59,no_action
22.35,1.65,45.51,26.12,Azure,eu-west-1,t3.medium,2,4,0.0464,324.05,1303.83,12.2133,12.0,no_action
15.91,13.23,40.45,28.62,AWS,us-west-2,m5.xlarge,4,16,0.192,402.97,1081.42,91.5322,14.57,scale_down
18.48,6.99,2.44,43.5,GCP,us-east-1,c5.2xlarge,8,16,0.34,15.53,1750.66,129.644,12.73,scale_down
76.32,72.66,537.6,587.87,Azure,eu-west-1,t3.large,2,8,0.0928,292.47,550.66,26.6678,74.49,no_action
62.95,30.13,286.92,124.25,Azure,eu-west-1,t3.micro,2,1,0.0116,427.15,1433.95,4.925,46.54,no_action
77.74,81.75,624.44,873.85,AWS,us-west-2,t3.micro,2,1,0.0116,400.0,525.38,4.9204,79.74,scale_up
22.3,1.95,40.16,41.89,GCP,us-east-1,t3.large,2,8,0.0928,119.13,1662.98,8.1222,12.13,no_action
79.66,93.39,850.13,334.71,GCP,us-east-1,t3.large,2,8,0.0928,484.71,1768.73,61.9954,86.52,scale_up
87.88,84.74,1496.34,838.46,AWS,us-east-1,t3.medium,2,4,0.0464,234.37,1249.65,24.9966,86.31,scale_up
34.12,65.1,206.24,82.38,AWS,ap-south-1,t3.micro,2,1,0.0116,444.93,1911.75,7.2021,49.61,no_action
22.06,8.44,25.26,0.25,Azure,ap-south-1,t3.micro,2,1,0.0116,349.38,107.08,4.4537,15.25,no_action
96.28,84.85,980.59,655.44,AWS,ap-south-1,c5.2xlarge,8,16,0.34,413.22,702.14,166.0878,90.57,scale_up
15.64,26.04,24.53,7.87,AWS,us-east-1,t3.large,2,8,0.0928,84.4,674.68,16.019,20.84,no_action
63.87,36.34,452.35,267.96,GCP,ap-south-1,c5.2xlarge,8,16,0.34,19.48,1653.38,31.8435,50.11,no_action
0.03,16.69,75.66,12.93,AWS,us-west-2,t3.large,2,8,0.0928,100.6,177.36,21.8735,8.36,scale_down
90.85,86.2,1279.85,364.19,AWS,ap-south-1,t3.micro,2,1,0.0116,381.71,1087.12,8.0433,88.52,scale_up
23.66,5.21,77.09,47.36,Azure,us-west-2,m5.xlarge,4,16,0.192,87.36,1544.26,98.0089,14.44,no_action
96.31,99.7,1176.05,567.57,GCP,us-west-2,t3.micro,2,1,0.0116,325.55,1192.85,3.2111,98.01,scale_up
51.99,60.82,373.32,161.48,Azure,us-east-1,c5.2xlarge,8,16,0.34,140.45,1994.28,104.5243,56.4,no_action
67.17,41.93,435.98,243.21,AWS,eu-west-1,c5.2xlarge,8,16,0.34,118.88,271.36,212.5446,54.55,no_action
25.72,28.94,76.01,22.11,AWS,us-east-1,m5.xlarge,4,16,0.192,159.42,648.28,100.1971,27.33,no_action
91.29,81.06,1364.36,583.93,AWS,eu-west-1,t3.medium,2,4,0.0464,484.26,379.2,29.0251,86.17,scale_up
22.83,18.79,13.12,1.63,Azure,eu-west-1,c5.2xlarge,8,16,0.34,460.82,1237.13,195.0615,20.81,no_action
57.33,39.9,323.37,106.39,GCP,us-west-2,t3.micro,2,1,0.0116,84.61,1306.52,2.7299,48.62,no_action
30.52,32.9,257.0,169.98,Azure,ap-south-1,t3.medium,2,4,0.0464,302.01,590.41,23.2321,31.71,no_action
87.01,73.15,742.05,892.0,GCP,us-east-1,t3.micro,2,1,0.0116,75.54,1002.79,5.1673,80.08,scale_up
28.24,2.17,53.42,44.13,AWS,us-west-2,m5.xlarge,4,16,0.192,45.84,1650.78,49.5858,15.2,no_action
92.33,94.64,541.18,702.23,GCP,eu-west-1,t3.medium,2,4,0.0464,476.02,257.2,29.9458,93.49,scale_up
88.53,91.27,1370.97,728.45,GCP,us-east-1,t3.micro,2,1,0.0116,401.86,685.51,6.8076,89.9,scale_up
14.43,1.22,16.4,21.93,GCP,us-west-2,t3.large,2,8,0.0928,363.79,1190.62,43.4825,7.82,scale_down
99.4,80.11,682.12,773.82,AWS,eu-west-1,t3.micro,2,1,0.0116,331.06,1001.41,4.6436,89.75,scale_up
54.41,49.73,132.61,150.82,Azure,us-west-2,t3.medium,2,4,0.0464,114.18,842.62,6.8381,52.07,no_action
12.48,25.39,62.88,36.77,AWS,us-west-2,m5.xlarge,4,16,0.192,385.02,1014.64,75.1936,18.93,no_action
84.89,88.19,1097.72,775.77,AWS,ap-south-1,t3.large,2,8,0.0928,329.23,1984.35,19.0325,86.54,scale_up
67.62,39.43,410.4,151.33,Azure,us-east-1,c5.2xlarge,8,16,0.34,302.92,1268.76,91.4866,53.53,no_action
14.77,7.42,87.07,22.27,Azure,us-east-1,t3.medium,2,4,0.0464,259.83,724.87,19.8282,11.09,scale_down
7.74,19.7,32.52,38.67,Azure,us-east-1,t3.micro,2,1,0.0116,69.78,1939.94,3.7964,13.72,scale_down
44.89,47.95,367.76,86.44,GCP,eu-west-1,t3.large,2,8,0.0928,227.47,1179.89,63.3853,46.42,no_action
57.25,44.27,313.4,245.45,GCP,ap-south-1,t3.micro,2,1,0.0116,354.17,898.27,7.2195,50.76,no_action
99.67,73.69,731.13,331.02,Azure,us-east-1,m5.xlarge,4,16,0.192,321.8,457.16,25.0421,86.68,scale_up
31.87,35.93,494.65,291.28,AWS,us-east-1,t3.large,2,8,0.0928,7.45,1904.11,42.7369,33.9,no_action
88.04,80.28,1032.24,375.44,Azure,eu-west-1,t3.micro,2,1,0.0116,70.69,295.65,7.8501,84.16,scale_up
2.82,20.18,44.38,43.41,Azure,ap-south-1,m5.xlarge,4,16,0.192,92.69,1388.33,115.8921,11.5,no_action
81.1,94.93,1364.61,761.11,Azure,us-west-2,t3.medium,2,4,0.0464,60.99,1593.07,30.695,88.01,scale_up
47.72,56.05,142.64,214.46,Azure,eu-west-1,t3.micro,2,1,0.0116,499.71,105.94,8.1616,51.89,no_action
2.71,8.66,10.91,32.53,AWS,ap-south-1,t3.micro,2,1,0.0116,383.77,1852.09,3.6661,5.69,scale_down
13.07,24.54,12.02,27.22,GCP,us-east-1,t3.medium,2,4,0.0464,7.85,655.93,12.2721,18.8,no_action
56.84,51.83,277.77,53.67,Azure,ap-south-1,c5.2xlarge,8,16,0.34,295.6,345.2,157.4241,54.33,no_action
68.85,50.76,291.67,56.41,GCP,us-east-1,t3.medium,2,4,0.0464,173.92,766.59,13.3518,59.81,no_action
47.75,51.98,398.75,228.87,Azure,ap-south-1,c5.2xlarge,8,16,0.34,263.01,1646.56,105.6685,49.86,no_action
47.1,37.89,291.67,98.64,Azure,us-east-1,c5.2xlarge,8,16,0.34,87.33,1238.53,128.2133,42.49,no_action
56.14,33.59,387.05,149.98,AWS,eu-west-1,t3.large,2,8,0.0928,488.48,1648.12,34.9544,44.86,no_action
61.91,34.28,326.92,114.14,GCP,eu-west-1,m5.xlarge,4,16,0.192,481.65,972.26,111.4577,48.09,no_action
75.06,89.14,1015.18,656.12,AWS,us-west-2,t3.micro,2,1,0.0116,397.9,1296.75,1.4693,82.1,scale_up
10.6,7.11,78.05,13.74,AWS,us-west-2,t3.micro,2,1,0.0116,412.19,853.24,5.5792,8.85,scale_down
85.6,74.59,735.24,821.56,Azure,ap-south-1,t3.medium,2,4,0.0464,239.08,1075.36,5.9996,80.09,scale_up
54.6,39.28,256.36,198.62,Azure,eu-west-1,c5.2xlarge,8,16,0.34,250.9,1975.69,33.6941,46.94,no_action
50.06,58.98,106.33,135.27,GCP,eu-west-1,c5.2xlarge,8,16,0.34,410.26,1210.41,82.7785,54.52,no_action
97.35,75.76,823.37,435.99,GCP,ap-south-1,c5.2xlarge,8,16,0.34,180.72,148.15,127.2294,86.56,scale_up
88.5,96.4,1150.88,619.77,AWS,ap-south-1,t3.medium,2,4,0.0464,165.55,672.67,22.3816,92.45,scale_up
62.88,48.61,124.06,190.57,GCP,us-west-2,m5.xlarge,4,16,0.192,479.02,358.85,95.4458,55.74,no_action
49.02,62.87,100.49,125.21,Azure,ap-south-1,t3.micro,2,1,0.0116,490.71,955.02,3.202,55.95,no_action
93.43,93.06,743.66,702.94,Azure,ap-south-1,m5.xlarge,4,16,0.192,51.0,521.52,108.9603,93.24,scale_up
37.17,32.52,147.06,106.84,AWS,ap-south-1,t3.micro,2,1,0.0116,174.13,768.01,2.9001,34.85,no_action
47.86,47.89,340.24,178.92,AWS,us-east-1,t3.micro,2,1,0.0116,460.1,998.96,8.2866,47.88,no_action
3.49,24.52,38.06,43.9,GCP,ap-south-1,c5.2xlarge,8,16,0.34,434.69,1613.79,193.4708,14.01,no_action
31.03,36.15,189.45,289.33,GCP,us-east-1,m5.xlarge,4,16,0.192,288.66,1866.13,79.5922,33.59,no_action
14.61,18.19,76.48,8.74,GCP,us-east-1,c5.2xlarge,8,16,0.34,253.77,803.34,36.1226,16.4,scale_down
52.77,39.3,131.99,244.18,GCP,ap-south-1,c5.2xlarge,8,16,0.34,65.41,1192.64,229.2644,46.04,no_action
91.02,76.48,1119.59,690.12,GCP,us-east-1,m5.xlarge,4,16,0.192,80.25,132.09,107.9746,83.75,scale_up
63.94,54.78,218.94,157.58,AWS,us-west-2,t3.medium,2,4,0.0464,89.48,158.51,26.1584,59.36,no_action
57.81,55.33,191.56,108.16,Azure,ap-south-1,t3.large,2,8,0.0928,114.3,355.77,43.8448,56.57,no_action
13.49,5.84,36.78,20.71,Azure,us-east-1,t3.medium,2,4,0.0464,414.63,1469.89,25.7116,9.67,scale_down
65.57,53.29,372.39,97.42,GCP,eu-west-1,t3.medium,2,4,0.0464,311.38,653.77,27.8801,59.43,no_action
28.79,14.64,10.97,27.4,AWS,us-east-1,c5.2xlarge,8,16,0.34,229.92,1690.27,24.3173,21.71,no_action
7.3,19.55,81.07,30.7,GCP,ap-south-1,t3.medium,2,4,0.0464,430.48,790.86,31.9475,13.43,scale_down
9.46,20.64,43.76,12.73,AWS,ap-south-1,t3.micro,2,1,0.0116,421.23,86.47,7.5327,15.05,no_action
70.28,55.47,345.57,66.66,Azure,eu-west-1,c5.2xlarge,8,16,0.34,261.61,308.84,180.6131,62.87,no_action
75.95,92.39,1159.04,781.28,Azure,us-east-1,t3.micro,2,1,0.0116,57.16,80.79,4.2534,84.17,scale_up
29.12,28.27,78.38,17.74,Azure,us-west-2,t3.medium,2,4,0.0464,209.0,1103.74,27.7544,28.7,no_action
99.2,78.86,1269.22,674.8,GCP,eu-west-1,t3.medium,2,4,0.0464,194.06,419.32,4.096,89.03,scale_up
53.86,31.68,487.4,249.68,GCP,us-east-1,m5.xlarge,4,16,0.192,149.95,1960.14,83.2805,42.77,no_action
19.69,3.84,33.83,46.4,Azure,ap-south-1,c5.2xlarge,8,16,0.34,116.18,750.61,105.9655,11.77,scale_down
81.84,97.85,1175.98,597.63,GCP,us-east-1,m5.xlarge,4,16,0.192,11.29,1984.91,92.885,89.85,scale_up
93.88,83.82,1342.0,737.09,AWS,eu-west-1,t3.micro,2,1,0.0116,389.34,1315.76,1.4914,88.85,scale_up
62.76,34.32,374.12,72.97,AWS,us-west-2,t3.large,2,8,0.0928,482.74,981.9,10.1464,48.54,no_action
56.57,50.33,219.02,191.26,AWS,us-west-2,m5.xlarge,4,16,0.192,346.0,1747.91,88.0307,53.45,no_action
30.42,39.87,390.58,297.95,Azure,ap-south-1,c5.2xlarge,8,16,0.34,54.09,808.97,195.9253,35.14,no_action
24.45,18.45,68.79,18.76,AWS,us-west-2,t3.large,2,8,0.0928,271.65,1053.08,56.6773,21.45,no_action
6.07,28.74,36.79,16.35,GCP,ap-south-1,t3.medium,2,4,0.0464,78.7,618.15,29.2929,17.41,no_action
58.95,61.22,186.88,84.46,GCP,ap-south-1,c5.2xlarge,8,16,0.34,333.21,13.74,43.945,60.08,no_action
65.74,33.72,335.28,170.24,GCP,us-west-2,t3.medium,2,4,0.0464,322.95,139.06,19.3956,49.73,no_action
66.22,40.79,430.02,174.56,GCP,ap-south-1,m5.xlarge,4,16,0.192,43.14,126.52,46.3329,53.51,no_action
15.52,13.21,14.75,16.41,GCP,us-east-1,t3.medium,2,4,0.0464,219.84,186.31,7.4064,14.36,scale_down
27.99,19.28,42.12,31.81,Azure,eu-west-1,t3.large,2,8,0.0928,393.9,245.49,27.443,23.64,no_action
56.45,37.38,244.89,133.63,Azure,eu-west-1,m5.xlarge,4,16,0.192,17.97,58.14,115.0061,46.91,no_action
23.48,1.68,85.27,11.28,GCP,us-east-1,c5.2xlarge,8,16,0.34,191.57,928.85,117.9023,12.58,no_action
36.01,33.22,391.18,174.12,GCP,ap-south-1,c5.2xlarge,8,16,0.34,221.24,1461.72,187.4773,34.62,no_action
14.16,0.4,28.27,2.23,AWS,eu-west-1,m5.xlarge,4,16,0.192,22.96,558.68,38.2397,7.28,scale_down
64.95,32.61,295.03,58.4,GCP,eu-west-1,t3.medium,2,4,0.0464,36.01,1813.81,4.6918,48.78,no_action
2.59,7.1,73.24,27.42,GCP,us-east-1,m5.xlarge,4,16,0.192,68.35,1765.45,54.5067,4.85,scale_down
74.08,35.8,390.06,97.8,GCP,us-east-1,t3.medium,2,4,0.0464,172.44,624.31,31.641,54.94,no_action
78.78,76.76,750.97,810.37,AWS,us-east-1,m5.xlarge,4,16,0.192,282.81,1051.55,16.0356,77.77,no_action
92.7,86.31,581.73,574.98,GCP,eu-west-1,t3.medium,2,4,0.0464,244.92,339.89,31.5964,89.5,scale_up
48.53,56.04,318.17,65.57,GCP,us-west-2,t3.micro,2,1,0.0116,258.69,1614.74,3.8418,52.28,no_action
81.47,74.94,830.22,754.05,Azure,us-east-1,t3.large,2,8,0.0928,262.1,417.71,58.6644,78.2,scale_up
16.81,22.52,55.8,27.63,GCP,eu-west-1,m5.xlarge,4,16,0.192,51.61,693.89,39.181,19.66,no_action
50.33,45.9,137.36,160.27,Azure,us-west-2,t3.medium,2,4,0.0464,101.83,381.58,3.1836,48.11,no_action
82.81,89.28,695.84,838.17,AWS,ap-south-1,m5.xlarge,4,16,0.192,262.49,900.73,77.198,86.04,scale_up
27.18,8.31,98.35,7.04,Azure,ap-south-1,t3.medium,2,4,0.0464,105.0,376.61,29.8713,17.75,no_action
57.69,33.34,452.97,250.9,Azure,us-east-1,m5.xlarge,4,16,0.192,255.08,1934.58,57.8631,45.51,no_action
37.47,65.28,271.0,90.56,AWS,us-west-2,c5.2xlarge,8,16,0.34,11.24,1123.91,129.2681,51.37,no_action
93.29,75.62,1358.18,791.44,GCP,us-west-2,t3.micro,2,1,0.0116,272.69,1423.38,2.6334,84.45,scale_up
44.13,40.17,427.7,269.96,GCP,eu-west-1,t3.large,2,8,0.0928,265.09,496.24,7.6287,42.15,no_action
78.55,80.44,950.35,749.3,GCP,us-east-1,t3.medium,2,4,0.0464,327.32,1245.65,11.8022,79.49,scale_up
19.02,3.79,67.62,16.26,Azure,us-west-2,c5.2xlarge,8,16,0.34,344.73,148.59,43.0915,11.41,scale_down
76.93,80.21,1366.39,429.32,AWS,ap-south-1,t3.micro,2,1,0.0116,183.39,146.33,6.3766,78.57,scale_up
26.14,22.98,78.84,33.25,GCP,ap-south-1,c5.2xlarge,8,16,0.34,133.84,1815.32,164.3072,24.56,no_action
50.72,64.58,318.66,145.1,Azure,us-west-2,t3.large,2,8,0.0928,488.52,230.33,28.2866,57.65,no_action
3.82,21.23,97.28,41.3,GCP,us-west-2,t3.micro,2,1,0.0116,351.16,1680.53,8.2002,12.53,no_action
8.45,26.18,11.26,35.18,Azure,ap-south-1,t3.micro,2,1,0.0116,272.65,202.1,2.0291,17.31,no_action
43.38,42.0,397.28,62.04,AWS,us-west-2,t3.micro,2,1,0.0116,451.93,1706.01,5.5814,42.69,no_action
80.99,93.84,534.67,649.68,Azure,eu-west-1,t3.micro,2,1,0.0116,497.74,1712.84,4.3607,87.41,scale_up
63.19,51.01,113.06,267.14,AWS,eu-west-1,c5.2xlarge,8,16,0.34,37.02,1912.09,6.4862,57.1,no_action
36.19,43.63,165.93,92.65,GCP,ap-south-1,m5.xlarge,4,16,0.192,474.31,896.04,109.0846,39.91,no_action
80.85,93.6,1470.77,457.61,Azure,eu-west-1,t3.large,2,8,0.0928,139.43,951.07,65.7378,87.23,scale_up
90.1,97.22,738.86,581.79,GCP,us-east-1,t3.micro,2,1,0.0116,227.98,951.21,5.2037,93.66,scale_up
87.91,70.17,507.66,431.44,AWS,ap-south-1,t3.large,2,8,0.0928,23.18,224.97,22.7027,79.04,scale_up
84.92,71.33,777.82,790.01,AWS,us-east-1,c5.2xlarge,8,16,0.34,145.86,1638.23,130.2948,78.13,scale_up
14.81,21.07,99.28,6.57,Azure,eu-west-1,t3.large,2,8,0.0928,140.99,795.21,28.2385,17.94,no_action
91.87,78.9,1218.43,872.42,AWS,us-east-1,m5.xlarge,4,16,0.192,362.09,1727.13,0.4824,85.38,scale_up
96.79,77.7,1165.29,780.21,Azure,eu-west-1,c5.2xlarge,8,16,0.34,333.02,193.65,146.1168,87.25,scale_up
44.45,59.99,265.07,211.52,AWS,us-east-1,m5.xlarge,4,16,0.192,324.99,1777.2,82.8403,52.22,no_action
78.86,75.16,1137.88,744.59,Azure,us-west-2,t3.medium,2,4,0.0464,267.35,1659.75,33.1165,77.01,no_action
43.28,49.44,330.88,60.93,AWS,us-east-1,t3.medium,2,4,0.0464,65.89,1121.7,11.495,46.36,no_action
68.33,46.16,131.05,185.63,GCP,ap-south-1,t3.micro,2,1,0.0116,431.56,1184.67,1.8989,57.24,no_action
64.17,33.95,455.86,53.08,Azure,ap-south-1,t3.large,2,8,0.0928,188.18,64.57,26.3133,49.06,no_action
97.25,80.38,654.46,315.27,AWS,eu-west-1,t3.medium,2,4,0.0464,324.68,1277.44,11.4095,88.81,scale_up
60.47,54.23,245.84,104.47,GCP,eu-west-1,t3.large,2,8,0.0928,494.08,913.46,46.0167,57.35,no_action
99.44,85.96,635.79,359.58,GCP,us-east-1,c5.2xlarge,8,16,0.34,108.39,1852.02,101.5832,92.7,scale_up
13.76,8.68,90.01,5.81,GCP,us-west-2,t3.large,2,8,0.0928,478.18,634.79,59.3699,11.22,scale_down
33.97,54.28,160.63,57.73,GCP,ap-south-1,m5.xlarge,4,16,0.192,485.52,1549.34,135.4941,44.12,no_action
64.29,63.35,276.18,125.58,AWS,us-east-1,t3.micro,2,1,0.0116,133.37,397.3,0.4924,63.82,no_action
16.34,4.96,58.3,49.99,AWS,ap-south-1,m5.xlarge,4,16,0.192,79.51,1635.35,28.8106,10.65,scale_down
18.7,17.08,62.07,10.07,AWS,eu-west-1,c5.2xlarge,8,16,0.34,200.59,88.52,116.592,17.89,scale_down
89.83,87.97,853.46,575.08,GCP,eu-west-1,m5.xlarge,4,16,0.192,23.8,1494.26,76.0249,88.9,scale_up
96.93,98.32,648.8,577.61,AWS,ap-south-1,c5.2xlarge,8,16,0.34,490.59,971.98,211.4428,97.62,scale_up
94.04,81.6,1011.28,595.4,GCP,eu-west-1,t3.medium,2,4,0.0464,290.75,1732.5,32.7654,87.82,scale_up
17.21,28.68,20.05,5.46,Azure,eu-west-1,t3.medium,2,4,0.0464,427.71,883.91,28.3026,22.94,no_action
75.77,99.15,720.75,740.42,Azure,us-west-2,t3.large,2,8,0.0928,382.49,1859.22,2.1312,87.46,scale_up
82.48,80.76,1304.44,467.26,GCP,us-west-2,t3.large,2,8,0.0928,109.3,1915.32,0.6842,81.62,scale_up
2.69,0.07,4.42,17.09,GCP,ap-south-1,t3.large,2,8,0.0928,318.29,147.37,0.4708,1.38,scale_down
21.0,3.13,39.91,36.16,AWS,eu-west-1,c5.2xlarge,8,16,0.34,143.77,1377.94,6.3289,12.07,no_action
95.21,98.43,572.32,873.07,Azure,ap-south-1,t3.large,2,8,0.0928,263.68,606.14,5.2213,96.82,scale_up
1.51,2.19,40.29,14.76,GCP,ap-south-1,t3.medium,2,4,0.0464,120.03,569.2,26.8519,1.85,scale_down
67.9,51.96,187.71,58.42,GCP,us-east-1,t3.large,2,8,0.0928,111.24,838.08,50.7765,59.93,no_action
13.62,24.64,55.47,31.85,Azure,eu-west-1,t3.micro,2,1,0.0116,265.51,931.71,1.9687,19.13,no_action
35.4,66.67,388.26,150.36,Azure,us-west-2,c5.2xlarge,8,16,0.34,83.52,1765.16,201.7208,51.03,no_action
34.62,37.56,413.21,228.76,AWS,ap-south-1,t3.large,2,8,0.0928,298.78,1792.5,39.0102,36.09,no_action
2.48,27.93,82.67,6.5,GCP,us-east-1,t3.micro,2,1,0.0116,284.67,1734.43,4.7807,15.2,no_action
70.95,45.09,485.63,72.32,Azure,eu-west-1,t3.medium,2,4,0.0464,345.07,992.69,12.979,58.02,no_action
36.26,40.17,450.2,95.7,AWS,ap-south-1,t3.large,2,8,0.0928,142.83,267.91,45.2049,38.21,no_action
94.55,89.32,548.19,516.03,GCP,us-east-1,t3.micro,2,1,0.0116,478.62,1005.8,3.6207,91.94,scale_up
32.36,60.7,266.6,255.54,GCP,eu-west-1,t3.medium,2,4,0.0464,425.92,431.87,21.9768,46.53,no_action
65.83,60.16,114.38,148.68,GCP,ap-south-1,t3.large,2,8,0.0928,465.75,260.19,49.2742,63.0,no_action
5.98,26.71,28.74,18.39,AWS,ap-south-1,m5.xlarge,4,16,0.192,33.76,231.91,71.4057,16.34,no_action
40.88,66.44,435.31,227.35,Azure,us-east-1,m5.xlarge,4,16,0.192,474.68,72.53,101.823,53.66,no_action
86.6,98.9,1019.03,706.53,GCP,ap-south-1,t3.micro,2,1,0.0116,159.37,1550.24,6.4581,92.75,scale_up
75.42,93.1,1307.16,372.12,GCP,ap-south-1,m5.xlarge,4,16,0.192,136.46,44.93,40.6827,84.26,scale_up
91.05,87.12,1068.09,697.8,Azure,us-west-2,t3.micro,2,1,0.0116,276.45,1759.72,5.6462,89.08,scale_up
13.74,11.94,30.29,3.28,AWS,eu-west-1,t3.large,2,8,0.0928,117.98,500.74,32.392,12.84,scale_down
98.94,98.28,1285.19,894.8,Azure,ap-south-1,m5.xlarge,4,16,0.192,274.52,1925.91,10.6291,98.61,scale_up
18.59,26.88,84.72,15.76,AWS,eu-west-1,t3.micro,2,1,0.0116,141.74,1963.49,4.4092,22.74,no_action
41.7,43.81,466.99,122.63,Azure,eu-west-1,m5.xlarge,4,16,0.192,237.64,1781.38,97.8915,42.75,no_action
14.92,6.91,4.46,20.78,GCP,us-east-1,t3.medium,2,4,0.0464,154.45,1524.57,11.8653,10.91,scale_down
81.87,94.21,959.66,627.95,AWS,us-west-2,t3.medium,2,4,0.0464,219.24,97.36,5.5761,88.04,scale_up
36.16,69.8,310.89,147.96,AWS,eu-west-1,c5.2xlarge,8,16,0.34,331.26,226.7,155.9482,52.98,no_action
39.86,48.36,467.75,94.02,Azure,us-west-2,m5.xlarge,4,16,0.192,110.91,35.93,2.1509,44.11,no_action
28.31,28.8,52.15,48.87,Azure,us-east-1,m5.xlarge,4,16,0.192,379.87,331.73,66.0271,28.56,no_action
60.0,36.51,326.03,242.91,Azure,us-west-2,m5.xlarge,4,16,0.192,251.95,34.09,1.4397,48.25,no_action
39.99,42.87,439.22,232.22,GCP,eu-west-1,c5.2xlarge,8,16,0.34,52.22,863.12,7.4708,41.43,no_action
82.22,81.94,1419.53,895.95,AWS,us-east-1,t3.large,2,8,0.0928,27.23,1524.41,24.8954,82.08,scale_up
28.53,17.31,35.71,39.38,AWS,us-west-2,m5.xlarge,4,16,0.192,129.25,1132.51,49.693,22.92,no_action
26.32,29.23,2.75,41.99,AWS,us-west-2,m5.xlarge,4,16,0.192,377.13,465.1,132.2101,27.78,no_action
17.45,13.1,58.01,25.83,AWS,us-east-1,t3.medium,2,4,0.0464,380.59,572.17,11.8247,15.27,scale_down
24.69,26.67,54.45,10.22,AWS,us-east-1,t3.medium,2,4,0.0464,131.38,598.43,19.8566,25.68,no_action
43.29,65.18,284.0,73.76,GCP,us-east-1,m5.xlarge,4,16,0.192,414.24,104.81,100.5183,54.23,no_action
96.9,86.17,782.47,555.14,GCP,ap-south-1,c5.2xlarge,8,16,0.34,23.6,264.45,187.4856,91.53,scale_up
84.05,91.69,700.56,422.15,AWS,us-east-1,t3.micro,2,1,0.0116,9.99,880.59,7.374,87.87,scale_up
63.39,63.94,269.05,125.73,GCP,eu-west-1,m5.xlarge,4,16,0.192,166.02,1428.12,112.9468,63.66,no_action
24.2,29.55,75.42,19.66,GCP,ap-south-1,t3.micro,2,1,0.0116,297.37,1325.42,0.666,26.87,no_action
94.52,87.51,1452.22,325.45,GCP,ap-south-1,t3.medium,2,4,0.0464,136.34,1207.09,9.9401,91.01,scale_up
65.13,58.34,168.84,293.1,Azure,us-east-1,t3.micro,2,1,0.0116,227.16,326.46,1.5145,61.74,no_action
78.13,95.51,844.6,318.51,GCP,us-east-1,t3.large,2,8,0.0928,30.69,292.92,14.3311,86.82,scale_up
94.12,90.13,935.32,629.59,AWS,eu-west-1,m5.xlarge,4,16,0.192,159.43,970.18,70.1371,92.12,scale_up
95.97,70.34,1203.7,882.15,GCP,us-east-1,m5.xlarge,4,16,0.192,221.64,477.6,97.498,83.16,scale_up
54.33,47.18,223.53,170.57,GCP,us-east-1,t3.large,2,8,0.0928,63.65,1923.41,47.7606,50.76,no_action
4.72,9.29,29.0,43.57,Azure,eu-west-1,t3.large,2,8,0.0928,337.99,1595.4,16.8048,7.01,scale_down
18.84,7.43,16.28,9.35,GCP,ap-south-1,t3.large,2,8,0.0928,14.8,787.46,12.8655,13.13,scale_down
62.97,46.18,127.34,245.94,AWS,us-west-2,m5.xlarge,4,16,0.192,146.45,871.21,94.8162,54.58,no_action
84.54,99.46,1284.86,740.09,Azure,us-west-2,c5.2xlarge,8,16,0.34,62.51,1564.18,192.3068,92.0,scale_up
85.8,99.41,567.5,611.22,AWS,ap-south-1,c5.2xlarge,8,16,0.34,93.79,1941.65,28.0382,92.61,scale_up
12.68,10.4,39.76,13.21,AWS,us-west-2,t3.micro,2,1,0.0116,106.64,971.25,2.2513,11.54,scale_down
18.11,2.31,7.56,47.57,GCP,us-west-2,m5.xlarge,4,16,0.192,152.16,193.21,82.8889,10.21,scale_down
58.87,58.15,249.3,190.91,Azure,eu-west-1,m5.xlarge,4,16,0.192,228.09,1347.39,80.7509,58.51,no_action
79.35,73.51,949.08,667.35,Azure,ap-south-1,t3.large,2,8,0.0928,110.48,1878.72,0.5387,76.43,no_action
48.37,30.62,333.17,113.28,GCP,us-west-2,m5.xlarge,4,16,0.192,227.88,1915.59,55.278,39.49,no_action
6.44,19.95,49.8,37.14,GCP,us-west-2,c5.2xlarge,8,16,0.34,166.89,1781.21,20.9483,13.19,scale_down
15.38,13.15,99.63,11.46,Azure,eu-west-1,t3.micro,2,1,0.0116,275.7,1344.64,5.8571,14.27,scale_down
1.5,27.35,2.95,17.8,Azure,us-east-1,c5.2xlarge,8,16,0.34,12.83,163.52,223.0842,14.42,no_action
18.2,20.19,8.11,47.57,AWS,us-west-2,t3.large,2,8,0.0928,420.05,1612.13,55.0049,19.19,no_action
11.92,15.41,25.34,49.38,Azure,us-east-1,t3.large,2,8,0.0928,149.29,1543.78,28.6167,13.67,scale_down
42.1,44.74,458.14,216.62,GCP,eu-west-1,c5.2xlarge,8,16,0.34,394.76,914.15,154.4102,43.42,no_action
14.98,16.05,14.44,39.2,Azure,ap-south-1,t3.large,2,8,0.0928,212.6,1005.16,52.477,15.52,scale_down
52.62,32.25,296.44,281.78,AWS,us-east-1,t3.medium,2,4,0.0464,57.17,1531.24,13.7137,42.43,no_action
3.36,15.49,78.65,47.13,AWS,us-east-1,t3.medium,2,4,0.0464,374.65,1443.93,27.6194,9.42,scale_down
82.75,77.5,1015.01,621.33,Azure,ap-south-1,t3.large,2,8,0.0928,181.66,714.04,55.3767,80.12,scale_up
95.23,93.59,1132.22,524.11,AWS,eu-west-1,t3.micro,2,1,0.0116,139.39,471.25,2.6689,94.41,scale_up
52.64,37.75,443.53,219.24,AWS,us-west-2,c5.2xlarge,8,16,0.34,419.76,1718.94,183.2831,45.2,no_action
86.48,82.33,1221.93,530.88,Azure,us-west-2,t3.micro,2,1,0.0116,247.24,864.92,6.1887,84.41,scale_up
15.45,4.84,8.36,0.96,GCP,us-east-1,c5.2xlarge,8,16,0.34,87.05,1782.8,59.3861,10.14,scale_down
35.33,38.48,224.4,91.73,Azure,ap-south-1,t3.medium,2,4,0.0464,125.65,542.53,11.245,36.9,no_action
63.92,64.86,371.59,152.97,Azure,us-east-1,m5.xlarge,4,16,0.192,378.03,415.3,45.4099,64.39,no_action
53.96,34.62,342.26,79.3,GCP,us-east-1,c5.2xlarge,8,16,0.34,171.92,294.26,169.5243,44.29,no_action
6.13,15.23,41.93,0.91,AWS,us-west-2,c5.2xlarge,8,16,0.34,397.42,147.4,116.2764,10.68,scale_down
41.4,30.4,389.38,183.91,AWS,eu-west-1,c5.2xlarge,8,16,0.34,418.88,1644.56,206.4995,35.9,no_action
13.54,5.5,85.5,44.13,Azure,us-west-2,t3.large,2,8,0.0928,235.82,160.64,25.9698,9.52,scale_down
76.67,96.32,889.4,625.06,Azure,ap-south-1,t3.medium,2,4,0.0464,484.19,142.46,21.6753,86.5,scale_up
74.51,39.26,477.02,60.71,GCP,us-west-2,c5.2xlarge,8,16,0.34,225.96,149.31,178.6087,56.89,no_action
46.63,31.81,239.98,282.32,Azure,us-west-2,t3.large,2,8,0.0928,192.72,1664.42,56.2955,39.22,no_action
77.59,71.46,1081.02,555.64,Azure,ap-south-1,t3.micro,2,1,0.0116,276.28,1046.94,2.9324,74.53,no_action
57.92,59.69,167.95,98.74,AWS,eu-west-1,t3.medium,2,4,0.0464,445.75,1502.46,30.3464,58.81,no_action
25.58,16.25,75.83,15.35,AWS,ap-south-1,t3.large,2,8,0.0928,210.41,1428.43,25.8621,20.91,no_action
68.77,64.75,389.74,236.44,AWS,ap-south-1,t3.large,2,8,0.0928,281.17,1173.49,9.0104,66.76,no_action
65.83,40.88,376.94,116.02,GCP,eu-west-1,t3.large,2,8,0.0928,469.84,1276.38,21.7453,53.35,no_action
91.37,94.71,563.14,766.07,AWS,us-west-2,c5.2xlarge,8,16,0.34,411.72,928.43,240.7189,93.04,scale_up
4.52,6.52,46.4,13.2,GCP,us-east-1,m5.xlarge,4,16,0.192,210.54,1778.04,113.9887,5.52,scale_down
12.87,6.03,51.42,36.81,GCP,us-west-2,m5.xlarge,4,16,0.192,221.03,1336.88,13.2137,9.45,scale_down
29.02,24.8,90.31,46.68,AWS,us-west-2,t3.large,2,8,0.0928,401.67,1351.78,0.4744,26.91,no_action
85.28,73.9,522.43,516.26,Azure,eu-west-1,t3.large,2,8,0.0928,392.95,1136.7,20.9623,79.59,scale_up
94.11,88.71,1262.3,323.36,Azure,us-west-2,c5.2xlarge,8,16,0.34,419.37,1242.86,138.0676,91.41,scale_up
56.14,69.63,402.69,160.57,AWS,us-east-1,c5.2xlarge,8,16,0.34,355.16,784.57,56.2909,62.88,no_action
46.72,54.74,353.23,167.32,Azure,ap-south-1,t3.large,2,8,0.0928,224.31,993.35,57.5445,50.73,no_action
72.71,63.31,244.97,265.91,GCP,us-east-1,t3.medium,2,4,0.0464,59.48,1850.84,21.119,68.01,no_action
2.09,16.64,74.78,40.51,Azure,eu-west-1,t3.micro,2,1,0.0116,209.84,416.29,0.3648,9.37,scale_down
5.09,0.57,77.91,30.48,Azure,us-east-1,t3.medium,2,4,0.0464,351.32,1677.93,26.8295,2.83,scale_down
17.53,25.01,64.26,3.93,GCP,us-west-2,t3.large,2,8,0.0928,371.58,198.87,39.7319,21.27,no_action
97.89,88.49,746.29,714.41,AWS,ap-south-1,m5.xlarge,4,16,0.192,300.4,1008.14,134.9527,93.19,scale_up
95.07,99.92,530.03,838.42,AWS,eu-west-1,t3.large,2,8,0.0928,313.2,1947.03,31.1197,97.49,scale_up
33.02,69.01,426.79,263.14,GCP,us-west-2,c5.2xlarge,8,16,0.34,469.29,179.36,94.6032,51.01,no_action
86.87,71.66,1442.38,344.89,Azure,ap-south-1,t3.medium,2,4,0.0464,222.04,1064.46,32.9177,79.27,scale_up
90.76,76.59,520.52,795.97,Azure,ap-south-1,t3.micro,2,1,0.0116,185.97,713.86,2.5344,83.68,scale_up
4.41,10.28,86.47,7.75,AWS,us-west-2,m5.xlarge,4,16,0.192,45.95,974.23,41.9404,7.34,scale_down
86.96,93.42,803.62,487.01,GCP,ap-south-1,m5.xlarge,4,16,0.192,6.55,356.74,121.04,90.19,scale_up
67.01,32.28,267.44,164.61,Azure,eu-west-1,t3.micro,2,1,0.0116,363.88,1152.83,5.5764,49.64,no_action
54.21,63.6,495.78,272.38,Azure,us-west-2,t3.micro,2,1,0.0116,188.88,398.38,4.0933,58.91,no_action
67.72,44.46,443.92,151.7,Azure,ap-south-1,t3.micro,2,1,0.0116,167.48,913.44,6.3707,56.09,no_action
15.3,22.09,51.29,43.48,AWS,us-east-1,c5.2xlarge,8,16,0.34,204.37,1940.77,228.2556,18.7,no_action
96.37,74.96,1354.26,594.46,Azure,us-west-2,c5.2xlarge,8,16,0.34,206.25,1807.35,147.9574,85.66,scale_up
98.47,96.82,837.48,737.68,GCP,us-west-2,t3.micro,2,1,0.0116,288.75,681.92,8.2563,97.65,scale_up
53.49,53.56,400.67,205.87,Azure,us-west-2,t3.micro,2,1,0.0116,302.14,116.49,3.152,53.52,no_action
45.8,33.75,294.45,280.18,GCP,ap-south-1,t3.micro,2,1,0.0116,24.83,590.01,1.7426,39.78,no_action
30.29,60.9,381.0,203.81,Azure,eu-west-1,t3.medium,2,4,0.0464,381.41,1030.72,23.5357,45.6,no_action
14.27,20.23,76.29,2.27,GCP,us-east-1,c5.2xlarge,8,16,0.34,325.07,461.21,164.1362,17.25,no_action
32.26,31.4,320.46,159.54,GCP,ap-south-1,m5.xlarge,4,16,0.192,420.39,329.75,3.6393,31.83,no_action
93.11,73.35,1108.32,468.63,AWS,ap-south-1,t3.medium,2,4,0.0464,90.88,765.71,26.7839,83.23,scale_up
94.32,77.11,1177.39,639.47,Azure,eu-west-1,t3.large,2,8,0.0928,464.93,780.77,4.5076,85.71,scale_up
33.94,41.31,267.43,123.13,AWS,ap-south-1,c5.2xlarge,8,16,0.34,169.44,594.61,10.4849,37.63,no_action
38.65,41.83,347.85,199.91,Azure,us-east-1,m5.xlarge,4,16,0.192,255.63,707.32,126.2203,40.24,no_action
92.9,91.19,1122.69,894.07,GCP,us-east-1,m5.xlarge,4,16,0.192,159.38,686.54,11.0894,92.04,scale_up
67.56,67.42,174.29,143.13,AWS,us-west-2,t3.large,2,8,0.0928,464.67,133.0,6.2554,67.49,no_action
50.2,66.53,175.76,51.26,Azure,ap-south-1,m5.xlarge,4,16,0.192,34.75,1810.49,89.5804,58.36,no_action
77.87,98.25,1284.21,577.43,Azure,eu-west-1,t3.medium,2,4,0.0464,433.16,506.42,23.9707,88.06,scale_up
61.1,40.87,176.24,96.16,Azure,ap-south-1,t3.medium,2,4,0.0464,174.34,865.62,27.7682,50.98,no_action
42.96,49.71,219.98,199.02,GCP,us-east-1,c5.2xlarge,8,16,0.34,219.75,337.17,28.8399,46.34,no_action
80.45,70.46,1081.42,363.51,GCP,us-east-1,c5.2xlarge,8,16,0.34,437.14,1051.05,171.3862,75.45,scale_up
2.48,7.62,78.0,4.94,GCP,us-east-1,t3.medium,2,4,0.0464,42.45,729.47,3.1213,5.05,scale_down
23.51,20.99,61.69,43.17,AWS,us-east-1,c5.2xlarge,8,16,0.34,115.42,1747.49,193.3393,22.25,no_action
65.71,31.27,412.82,110.02,AWS,us-west-2,c5.2xlarge,8,16,0.34,76.43,240.25,7.0015,48.49,no_action
90.35,77.59,1077.63,515.53,Azure,us-west-2,t3.micro,2,1,0.0116,412.66,1643.19,3.9929,83.97,scale_up
88.93,74.68,1334.59,515.0,GCP,eu-west-1,c5.2xlarge,8,16,0.34,456.88,1135.72,44.9961,81.81,scale_up
23.45,8.27,20.42,0.84,Azure,us-west-2,c5.2xlarge,8,16,0.34,341.2,162.37,103.1993,15.86,no_action
48.35,36.45,362.56,292.79,GCP,eu-west-1,t3.medium,2,4,0.0464,283.28,1432.36,2.33,42.4,no_action
72.23,56.47,130.72,138.67,Azure,eu-west-1,m5.xlarge,4,16,0.192,277.58,812.38,115.2749,64.35,no_action
28.87,13.32,75.0,26.58,AWS,us-east-1,c5.2xlarge,8,16,0.34,271.2,563.42,53.3771,21.1,no_action
1.26,12.58,16.82,43.97,Azure,ap-south-1,m5.xlarge,4,16,0.192,280.74,470.45,69.5511,6.92,scale_down
67.64,32.01,285.85,144.9,Azure,us-east-1,t3.large,2,8,0.0928,161.71,578.54,6.1896,49.83,no_action
11.95,13.32,89.36,32.9,GCP,us-east-1,t3.medium,2,4,0.0464,8.99,1886.92,7.9579,12.63,scale_down
49.52,39.98,318.99,118.6,AWS,eu-west-1,m5.xlarge,4,16,0.192,451.28,438.26,122.2755,44.75,no_action
20.9,9.73,23.39,10.54,GCP,eu-west-1,t3.large,2,8,0.0928,429.31,1642.65,29.4893,15.32,no_action
50.45,61.21,499.05,97.78,GCP,ap-south-1,t3.micro,2,1,0.0116,232.53,867.66,2.5512,55.83,no_action
40.02,42.29,318.58,154.3,Azure,us-west-2,t3.micro,2,1,0.0116,84.31,350.16,3.4991,41.15,no_action
20.71,10.22,80.5,2.62,GCP,us-west-2,t3.micro,2,1,0.0116,84.01,677.89,0.6522,15.46,no_action
29.24,4.06,23.15,43.42,Azure,us-east-1,t3.large,2,8,0.0928,463.6,845.06,3.4705,16.65,no_action
31.29,53.33,104.52,246.84,AWS,eu-west-1,t3.large,2,8,0.0928,156.68,90.11,39.3495,42.31,no_action
42.39,58.38,208.6,276.06,Azure,us-west-2,c5.2xlarge,8,16,0.34,190.49,1104.24,12.7031,50.38,no_action
80.54,79.53,759.39,352.55,AWS,us-west-2,m5.xlarge,4,16,0.192,49.51,394.57,7.1716,80.04,scale_up
83.3,89.88,1370.63,755.45,AWS,us-west-2,m5.xlarge,4,16,0.192,365.13,973.94,95.9705,86.59,scale_up
66.24,60.41,161.56,87.31,Azure,us-east-1,m5.xlarge,4,16,0.192,137.75,728.54,56.5785,63.33,no_action
84.8,90.91,693.44,684.9,AWS,us-west-2,t3.medium,2,4,0.0464,133.61,1773.31,29.928,87.86,scale_up
91.2,96.25,1290.52,384.66,AWS,eu-west-1,m5.xlarge,4,16,0.192,275.06,220.13,6.4448,93.73,scale_up
42.18,33.25,497.03,89.05,AWS,us-west-2,t3.large,2,8,0.0928,494.27,1954.79,53.0589,37.71,no_action
8.68,14.03,61.94,20.56,AWS,us-east-1,t3.large,2,8,0.0928,216.61,667.27,37.7402,11.36,scale_down
78.23,72.99,1103.19,614.16,Azure,eu-west-1,c5.2xlarge,8,16,0.34,130.52,947.19,120.6711,75.61,no_action
23.74,18.07,51.16,3.05,Azure,ap-south-1,t3.micro,2,1,0.0116,147.48,195.61,8.0503,20.91,no_action
28.32,22.97,0.54,0.07,Azure,us-west-2,t3.large,2,8,0.0928,192.16,295.36,1.3196,25.65,no_action
59.75,56.09,200.43,212.61,GCP,ap-south-1,t3.medium,2,4,0.0464,110.11,252.79,23.4457,57.92,no_action
51.53,67.15,232.79,166.33,AWS,ap-south-1,t3.large,2,8,0.0928,11.77,172.38,17.3469,59.34,no_action
20.19,21.73,49.26,31.67,Azure,ap-south-1,m5.xlarge,4,16,0.192,403.74,801.79,111.4558,20.96,no_action
33.12,33.6,340.36,135.24,AWS,eu-west-1,c5.2xlarge,8,16,0.34,459.05,819.12,35.3666,33.36,no_action
23.54,29.83,60.55,15.39,AWS,ap-south-1,m5.xlarge,4,16,0.192,419.58,1232.83,80.4249,26.69,no_action
91.55,89.01,1093.46,309.75,Azure,ap-south-1,c5.2xlarge,8,16,0.34,365.75,653.83,162.9196,90.28,scale_up
77.36,94.95,1418.4,689.87,Azure,us-west-2,c5.2xlarge,8,16,0.34,56.2,810.03,178.5365,86.15,scale_up
0.41,9.68,55.44,7.41,GCP,eu-west-1,t3.large,2,8,0.0928,50.59,1632.4,59.7703,5.05,scale_down
33.83,51.95,251.99,201.78,Azure,us-east-1,m5.xlarge,4,16,0.192,197.42,488.2,13.3018,42.89,no_action
99.68,83.32,1031.87,824.17,Azure,ap-south-1,m5.xlarge,4,16,0.192,497.81,1169.6,112.3524,91.5,scale_up
52.01,64.38,336.92,223.66,AWS,eu-west-1,t3.medium,2,4,0.0464,185.51,1479.63,22.2858,58.19,no_action
26.19,15.0,73.02,30.96,AWS,ap-south-1,m5.xlarge,4,16,0.192,97.39,61.12,39.4724,20.59,no_action
6.98,6.78,55.11,26.18,Azure,us-east-1,m5.xlarge,4,16,0.192,144.72,603.17,38.548,6.88,scale_down
89.64,86.33,733.74,682.66,Azure,ap-south-1,t3.micro,2,1,0.0116,410.93,92.74,4.1662,87.99,scale_up
70.41,62.4,333.25,232.56,GCP,us-east-1,m5.xlarge,4,16,0.192,185.59,1285.52,64.5474,66.4,no_action
46.14,66.45,108.37,128.94,GCP,us-west-2,t3.micro,2,1,0.0116,33.16,1535.39,5.8675,56.3,no_action
64.03,48.17,264.91,283.68,GCP,ap-south-1,t3.micro,2,1,0.0116,129.19,249.69,4.8869,56.1,no_action
83.48,85.18,661.92,694.86,GCP,us-east-1,t3.micro,2,1,0.0116,498.89,908.96,2.9702,84.33,scale_up
74.36,30.01,345.59,204.11,AWS,eu-west-1,c5.2xlarge,8,16,0.34,231.43,799.93,111.663,52.18,no_action
72.96,36.06,290.97,200.45,GCP,eu-west-1,t3.micro,2,1,0.0116,292.96,808.91,2.8314,54.51,no_action
93.36,76.26,558.57,631.42,AWS,ap-south-1,t3.micro,2,1,0.0116,299.64,1745.11,4.8239,84.81,scale_up
33.57,52.63,463.21,149.08,Azure,ap-south-1,c5.2xlarge,8,16,0.34,151.68,295.5,37.3624,43.1,no_action
53.56,42.76,287.97,175.62,Azure,ap-south-1,t3.large,2,8,0.0928,104.38,636.87,52.8982,48.16,no_action
8.31,28.23,12.43,43.76,GCP,ap-south-1,m5.xlarge,4,16,0.192,485.62,362.54,99.8718,18.27,no_action
72.12,56.89,292.51,252.42,AWS,us-west-2,t3.large,2,8,0.0928,475.51,53.91,65.6498,64.5,no_action
78.3,83.2,1143.96,528.57,Azure,us-east-1,c5.2xlarge,8,16,0.34,32.01,1202.93,220.9415,80.75,scale_up
25.06,5.91,44.12,9.97,GCP,us-east-1,m5.xlarge,4,16,0.192,135.91,1012.06,9.5943,15.48,no_action
50.04,30.58,198.96,266.57,Azure,us-west-2,t3.medium,2,4,0.0464,86.49,836.1,0.5245,40.31,no_action
76.49,88.13,1263.69,614.04,AWS,us-west-2,t3.micro,2,1,0.0116,117.25,1336.38,0.6797,82.31,scale_up
93.56,77.32,1098.01,531.06,Azure,eu-west-1,c5.2xlarge,8,16,0.34,428.13,1905.31,216.3362,85.44,scale_up
75.65,86.6,1020.45,896.75,Azure,ap-south-1,t3.medium,2,4,0.0464,104.91,523.63,3.8343,81.12,scale_up
59.05,31.82,478.39,260.54,AWS,us-west-2,t3.medium,2,4,0.0464,151.82,163.6,5.7141,45.44,no_action
41.06,44.33,495.8,221.08,GCP,us-west-2,t3.micro,2,1,0.0116,474.75,293.69,3.1988,42.69,no_action
91.76,89.25,910.79,593.79,GCP,eu-west-1,m5.xlarge,4,16,0.192,210.64,57.77,46.4894,90.51,scale_up
17.98,21.86,31.54,19.66,GCP,ap-south-1,t3.micro,2,1,0.0116,122.28,202.96,1.5048,19.92,no_action
51.38,66.9,129.09,120.15,GCP,us-west-2,t3.medium,2,4,0.0464,178.22,1567.03,33.1583,59.14,no_action
21.91,14.7,63.07,36.98,GCP,us-west-2,c5.2xlarge,8,16,0.34,308.08,43.18,47.9543,18.3,no_action
56.03,63.3,421.67,266.61,Azure,ap-south-1,m5.xlarge,4,16,0.192,34.51,1387.18,19.517,59.67,no_action
55.58,32.37,353.12,242.23,GCP,us-east-1,t3.large,2,8,0.0928,497.07,32.05,48.8123,43.98,no_action
85.23,80.63,802.83,738.53,GCP,ap-south-1,c5.2xlarge,8,16,0.34,351.86,1182.15,229.806,82.93,scale_up
86.79,86.6,1070.29,426.06,Azure,eu-west-1,t3.medium,2,4,0.0464,372.42,60.15,11.8842,86.7,scale_up
63.51,46.5,178.3,178.29,Azure,us-west-2,t3.medium,2,4,0.0464,69.6,886.67,10.6322,55.0,no_action
42.97,30.26,298.5,121.41,AWS,ap-south-1,c5.2xlarge,8,16,0.34,368.63,57.65,143.307,36.61,no_action
34.11,55.03,320.21,151.84,Azure,us-east-1,t3.large,2,8,0.0928,263.08,1794.18,13.1902,44.57,no_action
89.7,79.48,1126.97,785.04,AWS,ap-south-1,c5.2xlarge,8,16,0.34,307.76,598.54,62.8591,84.59,scale_up
79.97,77.41,806.42,633.08,Azure,us-east-1,t3.medium,2,4,0.0464,296.06,858.73,20.5778,78.69,no_action
87.95,76.42,783.28,540.19,Azure,eu-west-1,t3.large,2,8,0.0928,406.87,37.59,43.4214,82.19,scale_up
81.65,79.98,1057.4,724.21,AWS,us-east-1,t3.micro,2,1,0.0116,332.97,1617.36,7.4005,80.82,scale_up
21.6,8.62,87.98,2.46,AWS,ap-south-1,c5.2xlarge,8,16,0.34,119.39,1795.8,62.9686,15.11,no_action
80.24,82.49,856.57,847.04,AWS,us-east-1,t3.large,2,8,0.0928,24.94,1029.31,45.4966,81.36,scale_up
19.37,28.04,30.34,39.09,Azure,eu-west-1,m5.xlarge,4,16,0.192,384.1,1386.39,133.4965,23.7,no_action
99.13,82.85,1132.02,735.67,Azure,us-east-1,m5.xlarge,4,16,0.192,186.65,302.98,28.7101,90.99,scale_up
30.31,50.94,468.61,253.02,AWS,eu-west-1,m5.xlarge,4,16,0.192,413.48,1592.17,44.8824,40.62,no_action
98.91,81.3,839.24,337.46,Azure,us-west-2,t3.large,2,8,0.0928,245.66,226.94,16.6762,90.1,scale_up
71.68,64.85,414.03,118.42,Azure,us-west-2,m5.xlarge,4,16,0.192,456.35,204.04,117.9924,68.27,no_action
40.41,39.74,222.42,65.92,Azure,us-east-1,t3.micro,2,1,0.0116,92.68,20.23,3.7265,40.08,no_action
98.59,96.14,789.44,769.93,GCP,ap-south-1,c5.2xlarge,8,16,0.34,402.61,1973.26,146.488,97.36,scale_up
43.82,64.39,483.79,104.43,Azure,eu-west-1,m5.xlarge,4,16,0.192,48.64,397.12,113.4676,54.1,no_action
93.01,85.33,1104.31,576.54,AWS,us-east-1,t3.medium,2,4,0.0464,415.21,1660.83,23.7127,89.17,scale_up
27.67,4.26,30.42,6.96,GCP,eu-west-1,t3.large,2,8,0.0928,307.94,619.54,21.8518,15.96,no_action
42.18,39.95,476.82,124.57,Azure,us-west-2,t3.large,2,8,0.0928,388.88,792.31,9.3843,41.06,no_action
11.07,10.72,34.41,26.03,AWS,us-east-1,m5.xlarge,4,16,0.192,223.13,1761.03,69.9781,10.89,scale_down
84.92,84.22,951.27,821.5,AWS,us-west-2,c5.2xlarge,8,16,0.34,267.38,941.28,100.742,84.57,scale_up
20.21,4.12,27.69,2.3,AWS,ap-south-1,t3.large,2,8,0.0928,465.76,1324.99,49.8925,12.16,no_action
71.43,43.8,121.89,101.06,Azure,us-east-1,t3.micro,2,1,0.0116,212.25,447.07,0.0135,57.62,no_action
95.56,92.59,1232.86,825.72,GCP,ap-south-1,m5.xlarge,4,16,0.192,362.78,471.36,97.5935,94.07,scale_up
93.6,91.33,734.5,749.63,AWS,us-west-2,m5.xlarge,4,16,0.192,459.33,224.98,32.307,92.47,scale_up
84.8,94.07,841.24,566.51,GCP,ap-south-1,t3.medium,2,4,0.0464,339.42,1022.7,28.7856,89.43,scale_up
31.7,62.32,228.29,190.61,GCP,us-west-2,t3.large,2,8,0.0928,143.33,1567.18,59.2431,47.01,no_action
88.37,95.76,825.88,872.43,GCP,eu-west-1,t3.micro,2,1,0.0116,65.33,46.37,7.5525,92.06,scale_up
40.85,39.34,127.27,96.78,GCP,ap-south-1,t3.large,2,8,0.0928,280.0,589.81,27.9427,40.1,no_action
14.79,9.9,10.68,47.67,GCP,eu-west-1,c5.2xlarge,8,16,0.34,34.81,602.32,73.2053,12.35,scale_down
21.54,8.51,32.63,1.04,Azure,us-west-2,t3.micro,2,1,0.0116,381.64,95.05,7.2231,15.02,no_action
63.2,35.56,276.03,170.71,AWS,eu-west-1,c5.2xlarge,8,16,0.34,110.08,239.96,204.8115,49.38,no_action
29.42,18.18,50.37,43.92,AWS,us-east-1,t3.large,2,8,0.0928,476.5,1511.53,29.8148,23.8,no_action
86.18,94.89,1154.73,546.72,GCP,us-west-2,t3.large,2,8,0.0928,333.36,245.26,26.882,90.54,scale_up
31.79,40.96,482.26,288.41,GCP,us-west-2,t3.large,2,8,0.0928,179.4,95.77,12.0426,36.38,no_action
94.09,73.26,1481.26,528.97,AWS,us-east-1,t3.large,2,8,0.0928,388.74,691.76,41.9729,83.67,scale_up
27.53,26.62,62.54,40.41,GCP,us-east-1,c5.2xlarge,8,16,0.34,39.17,676.23,77.0279,27.08,no_action
66.65,45.28,152.91,99.17,Azure,us-west-2,t3.medium,2,4,0.0464,122.55,606.8,21.4911,55.97,no_action
6.12,14.07,80.09,9.01,Azure,us-west-2,t3.micro,2,1,0.0116,59.38,1768.53,2.8718,10.1,scale_down
44.22,32.23,343.93,110.2,GCP,ap-south-1,m5.xlarge,4,16,0.192,196.47,170.36,20.5076,38.23,no_action
0.18,14.52,12.32,15.38,AWS,ap-south-1,t3.micro,2,1,0.0116,463.4,331.77,8.067,7.35,scale_down
69.8,52.16,313.82,98.86,Azure,us-east-1,t3.medium,2,4,0.0464,87.28,1833.81,10.9836,60.98,no_action
75.1,85.06,1083.13,647.38,GCP,us-east-1,t3.micro,2,1,0.0116,31.98,634.95,4.1751,80.08,scale_up
27.58,12.71,34.21,48.08,AWS,eu-west-1,m5.xlarge,4,16,0.192,225.2,983.21,48.7366,20.14,no_action
85.77,79.37,1225.11,777.78,Azure,us-east-1,t3.medium,2,4,0.0464,417.3,1971.68,26.4449,82.57,scale_up
32.31,46.08,369.5,162.59,AWS,us-west-2,m5.xlarge,4,16,0.192,375.74,720.4,87.8172,39.19,no_action
89.91,84.54,526.87,528.29,GCP,eu-west-1,t3.micro,2,1,0.0116,57.53,1067.4,3.3125,87.23,scale_up
70.41,51.0,382.91,113.04,GCP,ap-south-1,t3.medium,2,4,0.0464,226.13,255.67,6.9182,60.7,no_action
7.27,19.9,83.91,27.53,GCP,us-west-2,m5.xlarge,4,16,0.192,80.81,1458.95,83.0555,13.58,scale_down
17.21,10.25,64.85,3.42,GCP,ap-south-1,m5.xlarge,4,16,0.192,449.21,247.57,45.45,13.73,scale_down
38.63,52.22,333.57,101.75,GCP,us-west-2,t3.large,2,8,0.0928,426.45,177.69,23.8525,45.42,no_action
37.45,58.26,314.14,208.83,Azure,eu-west-1,c5.2xlarge,8,16,0.34,102.26,431.37,10.4844,47.86,no_action
27.86,22.16,30.63,13.25,AWS,eu-west-1,c5.2xlarge,8,16,0.34,349.62,393.81,23.0051,25.01,no_action
3.64,9.08,53.25,28.22,AWS,us-west-2,t3.medium,2,4,0.0464,302.29,340.85,12.715,6.36,scale_down
78.04,91.63,683.78,497.03,GCP,us-east-1,t3.micro,2,1,0.0116,246.17,59.28,2.0869,84.83,scale_up
93.2,94.39,757.48,764.65,GCP,eu-west-1,t3.medium,2,4,0.0464,195.85,1018.3,28.604,93.8,scale_up
45.62,67.31,469.06,175.59,AWS,us-west-2,t3.medium,2,4,0.0464,167.3,1476.89,1.2712,56.46,no_action
1.23,1.49,62.35,3.16,GCP,ap-south-1,m5.xlarge,4,16,0.192,165.68,1348.78,46.751,1.36,scale_down
51.39,61.32,400.06,164.2,AWS,us-west-2,c5.2xlarge,8,16,0.34,423.61,237.33,62.7637,56.36,no_action
13.99,23.76,40.23,21.25,GCP,ap-south-1,t3.micro,2,1,0.0116,194.53,1440.96,4.5781,18.87,no_action
85.54,71.2,949.08,646.57,AWS,us-west-2,t3.micro,2,1,0.0116,287.6,671.53,2.6433,78.37,scale_up
85.11,99.8,1368.56,638.78,GCP,ap-south-1,c5.2xlarge,8,16,0.34,260.73,576.35,126.777,92.45,scale_up
51.69,60.31,212.77,129.51,Azure,us-west-2,t3.medium,2,4,0.0464,462.7,121.89,16.2479,56.0,no_action
41.24,43.73,440.82,189.8,AWS,us-west-2,t3.micro,2,1,0.0116,259.8,208.16,0.1453,42.48,no_action
20.85,0.32,39.41,42.55,GCP,us-east-1,m5.xlarge,4,16,0.192,176.2,80.08,103.2006,10.58,no_action
38.64,58.77,208.62,129.05,Azure,us-east-1,t3.micro,2,1,0.0116,423.26,957.88,5.5976,48.7,no_action
36.97,44.92,183.61,223.95,Azure,eu-west-1,m5.xlarge,4,16,0.192,472.38,1991.07,62.3518,40.94,no_action
6.27,3.91,20.35,38.45,AWS,us-east-1,c5.2xlarge,8,16,0.34,215.63,1135.18,5.4759,5.09,scale_down
31.68,50.21,261.21,208.64,GCP,us-east-1,t3.micro,2,1,0.0116,312.49,250.29,8.1599,40.95,no_action
20.3,10.9,93.82,13.78,AWS,eu-west-1,t3.medium,2,4,0.0464,169.43,1404.61,25.5786,15.6,no_action
22.16,1.91,38.72,14.14,GCP,eu-west-1,t3.large,2,8,0.0928,155.72,1966.06,42.981,12.04,no_action
66.08,47.38,447.81,95.16,AWS,eu-west-1,m5.xlarge,4,16,0.192,474.1,445.36,45.2261,56.73,no_action
36.0,39.7,216.68,281.08,GCP,ap-south-1,t3.micro,2,1,0.0116,119.04,585.6,3.0922,37.85,no_action
25.97,17.32,67.4,0.83,AWS,ap-south-1,t3.medium,2,4,0.0464,172.78,1593.36,2.6314,21.64,no_action
30.33,57.67,364.54,59.6,AWS,ap-south-1,t3.large,2,8,0.0928,187.28,1958.27,28.1657,44.0,no_action
46.19,51.45,386.95,160.89,Azure,ap-south-1,t3.medium,2,4,0.0464,469.74,596.94,15.9086,48.82,no_action
96.57,84.42,568.75,629.83,GCP,us-east-1,t3.large,2,8,0.0928,211.5,1756.72,13.704,90.5,scale_up
15.38,8.73,46.94,42.89,Azure,eu-west-1,c5.2xlarge,8,16,0.34,155.93,393.43,31.8928,12.05,scale_down
75.24,72.26,875.85,792.33,Azure,us-east-1,m5.xlarge,4,16,0.192,8.54,918.89,45.6416,73.75,no_action
83.8,91.17,1021.55,374.79,GCP,us-west-2,c5.2xlarge,8,16,0.34,480.9,1275.46,187.5642,87.48,scale_up
4.03,14.03,60.59,21.42,AWS,us-east-1,t3.micro,2,1,0.0116,18.42,1569.17,0.0993,9.03,scale_down
29.6,7.53,50.97,45.44,GCP,us-east-1,t3.micro,2,1,0.0116,393.67,979.94,7.8964,18.56,no_action
7.88,14.17,32.43,47.61,GCP,us-west-2,m5.xlarge,4,16,0.192,412.7,1420.91,81.3127,11.02,scale_down
78.86,83.19,1010.46,455.28,AWS,eu-west-1,t3.medium,2,4,0.0464,161.65,183.06,10.1623,81.02,scale_up
65.74,55.01,475.06,219.93,AWS,us-east-1,t3.large,2,8,0.0928,287.24,1224.29,62.9708,60.37,no_action
86.25,90.79,1233.16,897.25,AWS,eu-west-1,t3.micro,2,1,0.0116,147.32,1081.06,4.4597,88.52,scale_up
25.6,14.95,60.32,11.36,AWS,ap-south-1,m5.xlarge,4,16,0.192,274.17,1392.99,71.3098,20.27,no_action
96.3,94.52,513.66,837.44,Azure,ap-south-1,t3.micro,2,1,0.0116,19.33,486.9,0.2817,95.41,scale_up
45.39,62.4,195.32,106.1,AWS,eu-west-1,m5.xlarge,4,16,0.192,254.73,529.09,1.4464,53.9,no_action
2.39,21.21,65.43,43.63,GCP,us-west-2,m5.xlarge,4,16,0.192,125.85,905.72,128.0006,11.8,no_action
86.45,81.83,1367.06,446.4,Azure,ap-south-1,t3.medium,2,4,0.0464,483.53,1916.69,8.3078,84.14,scale_up
9.69,26.67,16.06,8.65,GCP,ap-south-1,m5.xlarge,4,16,0.192,137.05,247.87,31.9871,18.18,no_action
93.68,71.44,1448.52,726.7,Azure,ap-south-1,m5.xlarge,4,16,0.192,8.36,1530.07,71.16,82.56,scale_up
74.25,39.66,372.51,229.0,GCP,eu-west-1,t3.medium,2,4,0.0464,305.63,186.27,22.6279,56.96,no_action
6.33,25.25,3.04,42.19,GCP,us-east-1,t3.medium,2,4,0.0464,232.86,443.0,4.5095,15.79,no_action
87.09,76.6,753.98,826.62,Azure,eu-west-1,t3.medium,2,4,0.0464,49.34,1433.57,9.0921,81.85,scale_up
6.52,11.0,39.09,48.82,AWS,ap-south-1,t3.large,2,8,0.0928,477.56,1602.27,16.2171,8.76,scale_down
65.0,64.33,437.95,139.92,Azure,ap-south-1,t3.large,2,8,0.0928,345.18,632.54,4.1566,64.67,no_action
6.78,5.28,86.62,22.21,GCP,us-east-1,t3.micro,2,1,0.0116,72.84,1725.8,6.8181,6.03,scale_down
1.58,3.13,56.9,26.57,AWS,ap-south-1,m5.xlarge,4,16,0.192,231.69,799.61,59.7197,2.35,scale_down
87.96,91.67,674.16,628.13,Azure,eu-west-1,c5.2xlarge,8,16,0.34,358.66,894.81,6.9603,89.81,scale_up
38.18,50.17,229.12,114.53,Azure,us-east-1,c5.2xlarge,8,16,0.34,234.67,275.24,227.1367,44.17,no_action
57.95,42.07,459.9,207.1,GCP,us-east-1,t3.large,2,8,0.0928,222.13,87.13,33.4243,50.01,no_action
7.55,24.71,8.53,43.31,AWS,us-west-2,t3.micro,2,1,0.0116,252.1,600.11,2.2228,16.13,no_action
77.61,74.37,1377.13,616.91,GCP,eu-west-1,t3.large,2,8,0.0928,236.29,222.36,43.4333,75.99,no_action
19.29,9.47,62.15,10.99,Azure,us-east-1,c5.2xlarge,8,16,0.34,225.2,1799.83,32.9838,14.38,scale_down
67.57,58.41,145.0,233.98,Azure,ap-south-1,c5.2xlarge,8,16,0.34,141.17,1281.82,83.6916,62.99,no_action
18.09,19.63,99.82,3.75,GCP,eu-west-1,m5.xlarge,4,16,0.192,115.39,821.71,48.2027,18.86,scale_down
19.39,19.42,12.83,32.51,Azure,ap-south-1,t3.medium,2,4,0.0464,491.33,1824.52,14.6965,19.4,scale_down
76.61,87.78,1325.04,815.0,Azure,eu-west-1,t3.large,2,8,0.0928,234.49,1570.7,63.2717,82.19,scale_up
99.31,80.8,977.87,513.17,GCP,us-east-1,t3.medium,2,4,0.0464,342.84,1327.84,23.9107,90.06,scale_up
60.01,34.1,104.77,84.92,GCP,ap-south-1,m5.xlarge,4,16,0.192,359.29,1945.86,135.9021,47.06,no_action
66.96,39.79,268.52,259.71,AWS,us-west-2,t3.large,2,8,0.0928,439.17,493.93,36.8286,53.37,no_action
22.8,1.46,84.37,21.9,Azure,us-west-2,c5.2xlarge,8,16,0.34,174.49,1097.49,22.6722,12.13,no_action
26.09,5.68,40.11,47.39,GCP,us-east-1,t3.medium,2,4,0.0464,201.31,258.49,17.5761,15.89,no_action
56.84,40.97,110.64,233.81,AWS,us-east-1,c5.2xlarge,8,16,0.34,314.7,1165.7,181.6521,48.9,no_action
42.77,57.75,222.33,239.81,GCP,eu-west-1,c5.2xlarge,8,16,0.34,311.78,164.05,125.7077,50.26,no_action
17.36,18.55,78.15,35.16,GCP,us-east-1,t3.micro,2,1,0.0116,418.06,121.87,6.2462,17.96,scale_down
73.11,31.34,331.92,91.63,AWS,us-east-1,m5.xlarge,4,16,0.192,357.55,360.02,32.6862,52.22,no_action
30.66,66.85,490.43,105.57,AWS,us-west-2,m5.xlarge,4,16,0.192,108.01,1509.9,35.1705,48.75,no_action
14.8,27.35,92.8,8.27,GCP,eu-west-1,t3.micro,2,1,0.0116,6.15,1968.02,7.5691,21.08,no_action
97.88,77.97,1395.82,362.09,Azure,eu-west-1,t3.medium,2,4,0.0464,330.0,1814.9,5.6762,87.93,scale_up
20.3,9.05,18.83,15.19,GCP,us-east-1,m5.xlarge,4,16,0.192,51.04,296.3,14.6402,14.68,no_action
85.59,83.57,1233.64,804.01,Azure,us-east-1,t3.medium,2,4,0.0464,274.77,182.7,7.9481,84.58,scale_up
54.18,57.08,373.07,207.18,GCP,ap-south-1,t3.medium,2,4,0.0464,136.72,87.62,15.2448,55.63,no_action
29.75,4.91,69.18,33.71,Azure,eu-west-1,m5.xlarge,4,16,0.192,490.08,1971.35,94.9866,17.33,no_action
96.43,94.51,948.35,593.54,GCP,eu-west-1,t3.large,2,8,0.0928,112.79,165.82,38.354,95.47,scale_up
5.24,26.24,73.74,12.64,GCP,ap-south-1,t3.medium,2,4,0.0464,38.31,543.31,30.4791,15.74,no_action
44.21,61.65,372.22,124.89,GCP,us-west-2,c5.2xlarge,8,16,0.34,231.58,200.16,219.9009,52.93,no_action
56.82,34.3,106.77,277.39,GCP,eu-west-1,t3.large,2,8,0.0928,138.47,1641.16,66.7726,45.56,no_action
40.66,33.36,408.01,207.54,Azure,us-west-2,c5.2xlarge,8,16,0.34,494.3,695.17,15.4384,37.01,no_action
81.79,94.48,878.32,353.04,GCP,eu-west-1,t3.micro,2,1,0.0116,174.4,1962.95,5.2634,88.14,scale_up
4.13,1.63,1.85,7.18,Azure,us-east-1,t3.micro,2,1,0.0116,330.68,1457.68,6.5714,2.88,scale_down
32.84,54.45,493.49,140.2,AWS,us-west-2,t3.medium,2,4,0.0464,377.66,1005.07,4.3104,43.64,no_action
66.72,47.28,418.56,198.85,AWS,eu-west-1,t3.large,2,8,0.0928,443.86,827.78,40.4139,57.0,no_action
77.34,70.5,1373.53,441.88,GCP,us-west-2,t3.medium,2,4,0.0464,109.7,1474.71,10.7226,73.92,no_action
25.55,25.91,40.68,38.12,AWS,eu-west-1,t3.medium,2,4,0.0464,76.22,27.15,0.7127,25.73,no_action
38.98,60.02,398.57,86.38,Azure,us-west-2,t3.medium,2,4,0.0464,439.6,545.69,32.816,49.5,no_action
67.35,46.63,203.32,266.75,AWS,us-west-2,t3.medium,2,4,0.0464,336.29,901.69,16.3235,56.99,no_action
21.06,15.22,44.15,6.53,AWS,us-west-2,t3.medium,2,4,0.0464,149.04,1739.23,30.2204,18.14,no_action
18.56,2.45,21.77,12.52,GCP,eu-west-1,t3.medium,2,4,0.0464,416.7,931.77,16.2878,10.51,scale_down
35.82,45.03,139.66,205.74,Azure,us-west-2,m5.xlarge,4,16,0.192,226.2,1558.19,30.6275,40.43,no_action
21.31,12.57,51.73,4.21,GCP,us-east-1,m5.xlarge,4,16,0.192,492.37,1336.15,39.5915,16.94,no_action
43.79,68.49,485.8,122.36,Azure,eu-west-1,t3.micro,2,1,0.0116,242.41,1945.96,0.0522,56.14,no_action
83.27,77.45,1488.01,533.63,GCP,ap-south-1,c5.2xlarge,8,16,0.34,367.64,1372.6,52.1854,80.36,scale_up
40.54,30.79,451.76,291.4,GCP,eu-west-1,t3.large,2,8,0.0928,174.08,683.63,0.566,35.67,no_action
94.75,88.49,544.86,673.53,GCP,us-east-1,t3.large,2,8,0.0928,157.91,743.76,51.4517,91.62,scale_up
4.18,15.61,3.71,4.03,AWS,us-east-1,t3.micro,2,1,0.0116,337.81,1381.47,2.8596,9.89,scale_down
88.55,99.05,647.85,864.53,Azure,ap-south-1,t3.large,2,8,0.0928,95.53,1139.21,25.248,93.8,scale_up
74.23,51.46,301.05,114.44,Azure,us-west-2,t3.micro,2,1,0.0116,352.17,38.6,0.4246,62.84,no_action
88.55,83.79,998.97,343.33,AWS,us-west-2,c5.2xlarge,8,16,0.34,343.8,1011.41,187.3883,86.17,scale_up
37.76,64.9,345.25,89.3,AWS,eu-west-1,t3.micro,2,1,0.0116,481.36,1041.55,0.6196,51.33,no_action
90.56,98.03,706.53,741.02,AWS,eu-west-1,c5.2xlarge,8,16,0.34,433.89,1046.56,163.9487,94.3,scale_up
99.08,97.53,1264.57,347.45,AWS,us-east-1,t3.medium,2,4,0.0464,226.51,212.76,0.5775,98.3,scale_up
65.5,39.35,355.68,108.92,AWS,ap-south-1,t3.medium,2,4,0.0464,358.26,1748.62,4.2767,52.42,no_action
85.69,74.83,1200.35,755.32,GCP,us-east-1,m5.xlarge,4,16,0.192,57.37,1017.22,112.6494,80.26,scale_up
46.14,51.17,333.76,249.22,Azure,us-east-1,t3.micro,2,1,0.0116,173.78,1612.88,2.8358,48.66,no_action
45.0,49.68,329.11,109.58,Azure,ap-south-1,t3.micro,2,1,0.0116,398.01,978.1,2.7977,47.34,no_action
3.19,23.35,17.05,22.37,GCP,us-west-2,m5.xlarge,4,16,0.192,109.18,1382.27,121.3029,13.27,no_action
44.79,41.12,173.77,174.38,Azure,us-east-1,m5.xlarge,4,16,0.192,141.59,1464.71,10.7696,42.96,no_action
64.91,43.55,325.49,101.24,AWS,us-west-2,c5.2xlarge,8,16,0.34,372.29,114.04,208.7526,54.23,no_action
62.52,42.77,462.36,81.66,GCP,eu-west-1,t3.medium,2,4,0.0464,93.37,991.13,2.78,52.64,no_action
9.65,1.04,12.72,45.73,Azure,us-west-2,c5.2xlarge,8,16,0.34,249.3,912.61,9.6415,5.34,scale_down
77.75,81.5,1337.16,819.18,GCP,eu-west-1,t3.medium,2,4,0.0464,303.41,1457.8,3.8882,79.63,scale_up
16.19,2.32,1.8,5.12,AWS,us-east-1,t3.large,2,8,0.0928,208.2,1867.05,42.6223,9.26,scale_down
74.15,59.62,147.2,239.13,Azure,eu-west-1,t3.medium,2,4,0.0464,52.15,64.67,13.512,66.88,no_action
54.31,32.01,125.16,96.84,Azure,eu-west-1,t3.micro,2,1,0.0116,21.07,1489.27,6.0445,43.16,no_action
82.53,77.47,872.31,452.8,GCP,us-east-1,t3.large,2,8,0.0928,247.03,820.74,65.9199,80.0,scale_up
50.7,41.17,247.76,89.88,AWS,us-west-2,c5.2xlarge,8,16,0.34,443.35,29.92,216.0537,45.94,no_action
56.71,38.4,146.53,292.53,AWS,us-west-2,m5.xlarge,4,16,0.192,15.88,1607.37,108.9787,47.56,no_action
92.44,89.28,1282.75,862.49,GCP,eu-west-1,t3.large,2,8,0.0928,347.5,320.14,16.3361,90.86,scale_up
92.58,82.08,1420.04,690.15,AWS,eu-west-1,m5.xlarge,4,16,0.192,49.76,1896.23,35.8853,87.33,scale_up
20.45,26.66,69.25,12.18,GCP,us-west-2,t3.medium,2,4,0.0464,466.17,218.62,8.9854,23.56,no_action
21.22,5.71,36.67,5.29,AWS,us-east-1,t3.medium,2,4,0.0464,315.96,251.53,32.9387,13.46,no_action
30.18,50.05,253.51,293.02,AWS,eu-west-1,t3.medium,2,4,0.0464,83.78,714.77,14.041,40.11,no_action
93.23,85.01,915.16,401.52,Azure,us-west-2,c5.2xlarge,8,16,0.34,97.83,31.0,22.6901,89.12,scale_up
83.44,70.54,900.33,629.93,Azure,eu-west-1,t3.micro,2,1,0.0116,311.69,1330.35,6.9866,76.99,scale_up
4.7,29.24,84.25,25.04,GCP,eu-west-1,t3.micro,2,1,0.0116,490.8,203.78,2.5393,16.97,no_action
59.9,48.11,434.22,290.4,Azure,us-west-2,c5.2xlarge,8,16,0.34,388.67,1247.65,148.6766,54.0,no_action
15.27,1.87,38.39,22.22,Azure,ap-south-1,m5.xlarge,4,16,0.192,75.1,213.97,74.1119,8.57,scale_down
84.74,98.55,819.72,820.86,GCP,us-east-1,t3.medium,2,4,0.0464,441.22,706.87,2.824,91.64,scale_up
13.28,14.56,77.79,19.12,GCP,us-west-2,t3.medium,2,4,0.0464,224.35,758.62,12.3015,13.92,scale_down
14.52,21.85,31.65,17.11,Azure,us-east-1,m5.xlarge,4,16,0.192,101.26,1128.28,43.617,18.18,no_action
52.93,51.83,243.77,70.37,GCP,us-west-2,c5.2xlarge,8,16,0.34,100.7,1901.98,100.2507,52.38,no_action
99.47,81.59,767.26,552.91,GCP,us-east-1,m5.xlarge,4,16,0.192,51.73,260.15,57.4038,90.53,scale_up
34.73,56.88,354.17,251.44,AWS,us-west-2,m5.xlarge,4,16,0.192,413.5,1737.72,57.362,45.81,no_action
5.26,0.3,14.88,38.79,GCP,us-east-1,t3.micro,2,1,0.0116,226.16,900.53,7.9769,2.78,scale_down
32.92,48.63,196.1,167.45,AWS,us-east-1,t3.medium,2,4,0.0464,230.46,1168.47,11.9488,40.77,no_action
38.67,54.26,370.99,181.44,GCP,ap-south-1,t3.micro,2,1,0.0116,360.46,1167.09,7.9164,46.46,no_action
53.85,31.11,198.66,164.9,Azure,us-west-2,t3.medium,2,4,0.0464,316.11,1118.93,24.8219,42.48,no_action
59.19,59.09,353.5,85.13,Azure,us-west-2,c5.2xlarge,8,16,0.34,224.26,1127.26,207.8972,59.14,no_action
69.71,38.14,449.34,64.94,GCP,us-east-1,m5.xlarge,4,16,0.192,444.86,664.86,43.6202,53.93,no_action
6.25,6.16,18.95,6.28,AWS,us-east-1,c5.2xlarge,8,16,0.34,158.95,1772.99,189.779,6.2,scale_down
97.19,74.12,836.35,652.05,Azure,ap-south-1,t3.medium,2,4,0.0464,55.94,1462.96,12.9655,85.65,scale_up
93.37,77.56,990.81,345.32,GCP,us-west-2,t3.micro,2,1,0.0116,310.84,1335.06,3.1699,85.47,scale_up
42.1,30.84,389.14,58.12,Azure,us-east-1,t3.medium,2,4,0.0464,299.66,1083.0,32.3676,36.47,no_action
67.85,69.87,272.14,130.07,Azure,eu-west-1,t3.micro,2,1,0.0116,453.79,390.57,5.1445,68.86,no_action
74.19,57.64,453.28,287.05,Azure,us-west-2,t3.large,2,8,0.0928,245.94,1407.63,56.9389,65.91,no_action
22.99,19.74,82.39,32.38,Azure,us-west-2,t3.large,2,8,0.0928,484.63,1430.78,61.789,21.36,no_action
63.73,59.1,351.95,139.95,AWS,ap-south-1,c5.2xlarge,8,16,0.34,205.88,1941.17,27.8139,61.42,no_action
81.92,71.97,1205.99,442.93,Azure,eu-west-1,t3.medium,2,4,0.0464,197.39,892.97,29.7821,76.95,scale_up
73.33,54.31,493.35,260.28,Azure,eu-west-1,t3.micro,2,1,0.0116,22.8,1320.22,2.4034,63.82,no_action
20.5,1.57,78.28,42.28,AWS,us-east-1,m5.xlarge,4,16,0.192,400.55,1021.87,32.3436,11.03,no_action
88.43,92.12,1127.31,583.02,Azure,us-west-2,c5.2xlarge,8,16,0.34,480.09,1355.55,222.2488,90.27,scale_up
67.87,52.18,460.65,281.55,Azure,eu-west-1,c5.2xlarge,8,16,0.34,9.5,160.07,61.5427,60.03,no_action
57.31,37.54,421.99,291.83,AWS,eu-west-1,t3.large,2,8,0.0928,137.96,994.7,5.8387,47.43,no_action
86.05,80.02,1021.83,651.39,Azure,us-west-2,t3.micro,2,1,0.0116,9.21,1524.4,5.9584,83.04,scale_up
82.08,96.44,1093.65,664.72,AWS,eu-west-1,t3.large,2,8,0.0928,204.67,1356.18,12.7657,89.26,scale_up
45.35,59.9,319.91,163.09,AWS,us-east-1,m5.xlarge,4,16,0.192,88.86,1277.27,134.757,52.63,no_action
15.09,19.86,91.26,43.69,AWS,ap-south-1,m5.xlarge,4,16,0.192,253.4,880.92,47.0859,17.48,scale_down
94.76,83.62,801.66,530.41,AWS,us-east-1,c5.2xlarge,8,16,0.34,427.93,1500.51,66.9102,89.19,scale_up
54.01,53.86,246.41,251.78,AWS,eu-west-1,m5.xlarge,4,16,0.192,264.03,242.33,18.0092,53.93,no_action
22.92,7.43,3.63,5.09,Azure,eu-west-1,m5.xlarge,4,16,0.192,365.6,407.34,51.4452,15.18,no_action
85.16,84.55,1040.83,791.02,Azure,ap-south-1,t3.medium,2,4,0.0464,89.98,1617.58,23.1619,84.86,scale_up
66.8,51.97,471.92,286.97,GCP,eu-west-1,t3.medium,2,4,0.0464,39.31,918.26,20.3866,59.39,no_action
64.04,61.77,297.84,273.69,AWS,us-west-2,c5.2xlarge,8,16,0.34,137.5,827.09,220.011,62.9,no_action
12.93,5.94,43.8,20.44,GCP,eu-west-1,t3.medium,2,4,0.0464,217.31,1175.27,17.4336,9.43,scale_down
46.16,62.33,255.22,248.99,AWS,eu-west-1,t3.medium,2,4,0.0464,156.35,154.96,31.1608,54.24,no_action
83.64,94.23,746.35,337.95,GCP,us-east-1,m5.xlarge,4,16,0.192,70.2,1718.9,87.6845,88.94,scale_up
96.89,92.57,517.65,610.2,GCP,ap-south-1,t3.medium,2,4,0.0464,267.14,807.76,9.9679,94.73,scale_up
94.75,76.53,1177.04,781.93,Azure,eu-west-1,c5.2xlarge,8,16,0.34,283.13,1484.36,162.1384,85.64,scale_up
89.28,92.36,878.96,481.66,GCP,us-west-2,c5.2xlarge,8,16,0.34,232.38,1637.75,227.6687,90.82,scale_up
83.48,84.95,938.67,430.96,Azure,ap-south-1,c5.2xlarge,8,16,0.34,69.57,35.03,37.9779,84.21,scale_up
95.69,82.83,1096.06,353.79,AWS,eu-west-1,c5.2xlarge,8,16,0.34,171.99,188.5,235.399,89.26,scale_up
10.34,4.83,56.32,47.19,GCP,eu-west-1,m5.xlarge,4,16,0.192,6.9,483.87,129.7428,7.58,scale_down
19.18,25.6,73.74,44.11,GCP,eu-west-1,t3.micro,2,1,0.0116,219.77,1497.72,8.3499,22.39,no_action
43.69,33.46,100.57,162.4,AWS,us-west-2,c5.2xlarge,8,16,0.34,419.25,1148.91,244.6062,38.58,no_action
57.08,32.58,489.01,186.01,AWS,us-east-1,m5.xlarge,4,16,0.192,282.1,1045.03,84.5023,44.83,no_action
1.5,18.1,80.68,7.85,AWS,ap-south-1,t3.medium,2,4,0.0464,12.44,632.3,19.6678,9.8,scale_down
56.95,40.98,260.01,244.58,AWS,eu-west-1,t3.medium,2,4,0.0464,470.9,1725.14,18.8718,48.96,no_action
77.66,90.65,759.79,452.8,GCP,us-west-2,c5.2xlarge,8,16,0.34,499.11,383.97,36.5347,84.16,scale_up
80.48,83.93,933.25,779.82,AWS,us-west-2,t3.medium,2,4,0.0464,371.04,858.37,11.1793,82.21,scale_up
76.36,90.0,1307.54,605.21,GCP,us-east-1,t3.large,2,8,0.0928,32.08,1075.59,62.529,83.18,scale_up
53.41,69.01,486.31,103.82,AWS,us-west-2,t3.large,2,8,0.0928,406.5,402.51,14.3407,61.21,no_action
96.32,81.63,823.19,861.1,AWS,us-east-1,m5.xlarge,4,16,0.192,184.84,786.67,14.8378,88.98,scale_up
27.44,5.01,12.12,4.27,AWS,eu-west-1,t3.large,2,8,0.0928,455.17,395.31,27.8687,16.23,no_action
68.48,47.28,254.44,222.46,AWS,us-east-1,m5.xlarge,4,16,0.192,303.21,223.42,70.3437,57.88,no_action
40.18,64.91,425.83,108.48,Azure,ap-south-1,t3.micro,2,1,0.0116,104.31,1433.12,2.6384,52.55,no_action
85.69,91.99,836.31,497.16,AWS,ap-south-1,t3.medium,2,4,0.0464,146.03,961.78,6.0727,88.84,scale_up
76.88,86.07,1354.46,302.93,AWS,us-east-1,t3.medium,2,4,0.0464,468.65,221.49,28.1363,81.47,scale_up
70.53,67.2,253.43,172.93,GCP,eu-west-1,t3.large,2,8,0.0928,448.64,1615.35,0.3368,68.87,no_action
79.99,71.13,1143.37,457.51,GCP,us-east-1,t3.medium,2,4,0.0464,30.91,469.65,26.7995,75.56,no_action
2.09,1.75,92.7,32.42,AWS,us-west-2,t3.large,2,8,0.0928,192.9,1512.57,44.9526,1.92,scale_down
25.98,5.17,85.05,43.89,GCP,eu-west-1,m5.xlarge,4,16,0.192,276.97,1315.8,52.9591,15.57,no_action
44.43,33.74,270.84,82.19,AWS,ap-south-1,t3.micro,2,1,0.0116,474.07,955.59,2.6577,39.08,no_action
9.17,17.79,53.77,0.24,GCP,us-west-2,c5.2xlarge,8,16,0.34,40.83,587.83,216.0112,13.48,scale_down
23.72,7.29,90.84,4.66,GCP,eu-west-1,c5.2xlarge,8,16,0.34,236.73,1776.21,157.1038,15.5,no_action
28.68,15.94,39.97,47.69,AWS,us-east-1,t3.large,2,8,0.0928,322.84,603.32,8.5309,22.31,no_action
35.06,33.03,330.83,210.66,AWS,us-west-2,t3.micro,2,1,0.0116,425.67,592.1,1.4084,34.04,no_action
79.85,86.1,1434.82,800.97,GCP,ap-south-1,t3.micro,2,1,0.0116,422.05,613.38,3.5934,82.98,scale_up
24.07,10.46,69.39,7.98,GCP,ap-south-1,t3.micro,2,1,0.0116,448.66,814.94,3.8117,17.26,no_action
31.75,37.47,432.5,241.69,AWS,eu-west-1,t3.medium,2,4,0.0464,178.57,759.85,17.8466,34.61,no_action
41.19,30.62,166.71,201.67,Azure,ap-south-1,c5.2xlarge,8,16,0.34,356.02,51.9,9.2446,35.91,no_action
6.84,22.2,30.97,42.94,Azure,eu-west-1,c5.2xlarge,8,16,0.34,351.73,809.61,18.9929,14.52,no_action
36.85,56.67,213.72,196.44,GCP,ap-south-1,m5.xlarge,4,16,0.192,295.45,897.0,115.6165,46.76,no_action
96.57,77.98,1090.82,603.46,GCP,ap-south-1,t3.medium,2,4,0.0464,13.9,1866.21,2.6595,87.28,scale_up
87.18,96.35,1027.26,857.92,AWS,us-west-2,t3.large,2,8,0.0928,244.48,985.99,8.0827,91.76,scale_up
48.18,48.4,106.07,120.94,GCP,us-west-2,t3.micro,2,1,0.0116,221.11,1271.26,3.7652,48.29,no_action
79.57,80.95,932.44,673.9,GCP,us-west-2,t3.large,2,8,0.0928,41.84,1012.35,12.2781,80.26,scale_up
10.07,22.95,43.28,24.21,AWS,us-west-2,t3.micro,2,1,0.0116,325.81,46.53,5.4662,16.51,no_action
99.86,84.46,1256.0,571.39,GCP,eu-west-1,t3.large,2,8,0.0928,26.37,626.11,21.4516,92.16,scale_up
97.24,70.27,701.4,875.41,GCP,eu-west-1,c5.2xlarge,8,16,0.34,308.63,530.73,16.7166,83.76,scale_up
73.62,58.96,184.82,76.27,AWS,us-west-2,t3.medium,2,4,0.0464,345.76,325.32,26.3246,66.29,no_action
92.53,73.4,1272.88,595.12,Azure,us-east-1,m5.xlarge,4,16,0.192,393.22,1172.01,11.5717,82.96,scale_up
37.76,60.09,464.64,188.53,GCP,us-east-1,t3.micro,2,1,0.0116,265.94,1530.29,0.054,48.92,no_action
60.11,35.05,478.31,83.14,AWS,us-east-1,t3.large,2,8,0.0928,388.46,536.98,62.3851,47.58,no_action
15.17,2.31,30.62,32.78,Azure,ap-south-1,t3.large,2,8,0.0928,123.43,568.25,54.8371,8.74,scale_down
44.15,53.24,391.96,152.73,Azure,us-west-2,t3.large,2,8,0.0928,316.46,1401.63,47.5411,48.69,no_action
93.91,78.28,1404.96,790.71,AWS,ap-south-1,t3.large,2,8,0.0928,176.4,1617.4,23.8723,86.09,scale_up
50.52,45.91,229.88,295.36,AWS,ap-south-1,t3.medium,2,4,0.0464,71.7,636.46,16.2434,48.22,no_action
47.1,50.08,342.03,189.97,Azure,eu-west-1,t3.micro,2,1,0.0116,245.77,1014.82,1.4829,48.59,no_action
94.15,97.97,1447.31,521.41,Azure,ap-south-1,t3.large,2,8,0.0928,72.08,1041.62,7.6064,96.06,scale_up
49.74,60.41,268.13,285.89,Azure,us-west-2,t3.micro,2,1,0.0116,451.75,1745.6,0.6059,55.07,no_action
77.53,70.34,1048.63,884.04,Azure,eu-west-1,t3.micro,2,1,0.0116,222.15,1086.11,8.0849,73.93,no_action
55.63,43.73,324.63,68.29,AWS,us-east-1,m5.xlarge,4,16,0.192,383.5,576.53,122.7246,49.68,no_action
37.41,60.15,487.24,244.89,AWS,eu-west-1,m5.xlarge,4,16,0.192,16.11,1203.77,96.1921,48.78,no_action
68.82,36.52,424.97,263.35,GCP,us-west-2,c5.2xlarge,8,16,0.34,457.6,537.92,221.3204,52.67,no_action
99.55,99.49,1424.98,771.4,Azure,us-west-2,t3.medium,2,4,0.0464,166.26,1635.83,13.6844,99.52,scale_up
51.82,44.2,228.28,290.98,Azure,eu-west-1,c5.2xlarge,8,16,0.34,322.58,56.63,105.5008,48.01,no_action
64.36,69.7,363.61,62.61,AWS,us-west-2,t3.medium,2,4,0.0464,56.76,1763.2,17.6445,67.03,no_action
42.76,67.94,436.99,230.59,GCP,us-east-1,t3.micro,2,1,0.0116,43.61,221.2,4.1216,55.35,no_action
87.19,80.92,1139.39,377.42,GCP,eu-west-1,t3.medium,2,4,0.0464,218.01,556.66,29.6632,84.06,scale_up
14.4,12.07,15.15,22.09,GCP,eu-west-1,m5.xlarge,4,16,0.192,386.49,535.39,0.9373,13.24,scale_down
49.92,67.96,198.4,183.02,GCP,ap-south-1,c5.2xlarge,8,16,0.34,243.77,1408.7,16.9658,58.94,no_action
40.64,33.91,330.46,188.42,GCP,us-west-2,t3.large,2,8,0.0928,98.25,121.93,5.4779,37.27,no_action
81.71,89.63,1033.62,866.42,GCP,ap-south-1,c5.2xlarge,8,16,0.34,201.16,1390.79,119.9598,85.67,scale_up
90.49,90.27,1277.33,634.01,Azure,us-west-2,c5.2xlarge,8,16,0.34,324.65,36.9,39.9843,90.38,scale_up
29.55,28.37,19.71,43.77,GCP,us-east-1,c5.2xlarge,8,16,0.34,353.72,913.15,132.4978,28.96,no_action
4.62,25.67,51.47,5.29,GCP,us-east-1,c5.2xlarge,8,16,0.34,348.57,1043.13,73.2032,15.15,no_action
79.09,80.88,750.99,710.06,AWS,us-east-1,t3.medium,2,4,0.0464,343.52,1008.66,25.9999,79.99,scale_up
44.64,33.79,490.35,121.56,Azure,us-west-2,c5.2xlarge,8,16,0.34,214.79,1303.23,6.3775,39.22,no_action
3.86,0.55,68.96,15.07,AWS,eu-west-1,m5.xlarge,4,16,0.192,314.86,309.58,64.942,2.2,scale_down
52.31,43.31,128.47,72.38,Azure,ap-south-1,c5.2xlarge,8,16,0.34,219.72,718.03,126.5143,47.81,no_action
43.71,37.27,134.36,228.53,AWS,ap-south-1,t3.large,2,8,0.0928,102.14,1383.25,26.14,40.49,no_action
34.53,42.39,365.49,216.45,Azure,us-east-1,c5.2xlarge,8,16,0.34,146.68,925.6,47.6301,38.46,no_action
68.74,30.22,114.07,277.96,AWS,eu-west-1,t3.large,2,8,0.0928,388.79,906.91,50.3761,49.48,no_action
16.72,7.68,65.08,5.81,GCP,ap-south-1,t3.micro,2,1,0.0116,270.52,879.92,2.2458,12.2,scale_down
18.23,12.14,22.52,12.85,AWS,us-east-1,t3.large,2,8,0.0928,242.33,740.88,61.0654,15.19,scale_down
25.03,24.99,69.82,14.57,AWS,us-east-1,m5.xlarge,4,16,0.192,171.4,623.85,2.9593,25.01,no_action
30.57,64.86,278.7,135.74,AWS,ap-south-1,t3.micro,2,1,0.0116,73.43,884.54,4.1511,47.72,no_action
73.26,53.97,422.99,77.34,AWS,us-west-2,c5.2xlarge,8,16,0.34,201.66,680.33,139.5557,63.62,no_action
69.02,68.11,261.94,176.59,AWS,eu-west-1,t3.medium,2,4,0.0464,485.9,559.72,26.4818,68.56,no_action
44.71,54.27,472.18,259.23,GCP,us-east-1,t3.medium,2,4,0.0464,497.76,54.91,3.8115,49.49,no_action
80.98,93.61,556.38,521.63,GCP,eu-west-1,t3.medium,2,4,0.0464,255.38,1125.09,24.3542,87.29,scale_up
54.64,55.62,203.78,71.16,Azure,us-west-2,c5.2xlarge,8,16,0.34,64.04,456.92,122.6184,55.13,no_action
48.21,45.75,176.75,65.3,Azure,ap-south-1,c5.2xlarge,8,16,0.34,297.5,1978.54,41.1232,46.98,no_action
18.11,3.16,57.27,25.03,AWS,us-west-2,t3.micro,2,1,0.0116,428.52,1066.08,2.1403,10.64,scale_down
53.79,62.42,394.21,215.95,AWS,eu-west-1,t3.micro,2,1,0.0116,61.13,1444.03,4.1843,58.11,no_action
8.24,21.99,9.41,47.57,Azure,ap-south-1,m5.xlarge,4,16,0.192,313.05,1416.37,41.3357,15.12,no_action
27.5,21.16,67.18,19.72,Azure,ap-south-1,m5.xlarge,4,16,0.192,5.64,249.12,73.9862,24.33,no_action
95.62,88.25,944.35,866.4,AWS,ap-south-1,t3.micro,2,1,0.0116,28.68,1701.84,8.3318,91.93,scale_up
75.29,99.92,781.07,700.81,Azure,us-west-2,t3.micro,2,1,0.0116,92.46,1164.65,7.5516,87.61,scale_up
23.15,26.43,80.57,30.13,AWS,us-east-1,t3.medium,2,4,0.0464,151.43,1777.54,28.0903,24.79,no_action
98.16,98.85,689.49,705.83,AWS,ap-south-1,t3.large,2,8,0.0928,50.67,1461.74,23.2649,98.5,scale_up
35.07,53.08,116.38,181.83,AWS,us-east-1,t3.medium,2,4,0.0464,443.75,1677.37,29.4974,44.07,no_action
75.6,83.5,832.69,562.98,AWS,us-east-1,t3.medium,2,4,0.0464,135.03,337.79,23.0373,79.55,scale_up
65.06,30.8,456.19,192.32,AWS,us-east-1,m5.xlarge,4,16,0.192,406.9,1617.8,26.4008,47.93,no_action
58.9,31.53,348.59,244.47,AWS,eu-west-1,c5.2xlarge,8,16,0.34,252.68,721.45,68.1597,45.22,no_action
10.27,23.09,56.14,44.14,GCP,us-west-2,c5.2xlarge,8,16,0.34,266.27,1040.08,141.6078,16.68,no_action
76.34,98.13,1029.88,668.94,AWS,us-east-1,t3.micro,2,1,0.0116,243.8,196.38,6.4178,87.23,scale_up
62.35,52.78,395.34,85.38,Azure,us-east-1,t3.large,2,8,0.0928,441.82,1168.97,8.5562,57.57,no_action
45.48,41.09,498.67,237.7,Azure,us-east-1,t3.large,2,8,0.0928,324.14,717.03,3.373,43.28,no_action
86.99,70.48,591.98,496.01,Azure,eu-west-1,m5.xlarge,4,16,0.192,221.4,566.14,80.5173,78.73,scale_up
36.4,55.59,121.87,151.85,Azure,eu-west-1,c5.2xlarge,8,16,0.34,92.82,228.18,138.9568,45.99,no_action
61.84,48.51,422.6,94.91,GCP,ap-south-1,t3.medium,2,4,0.0464,480.0,776.47,11.4417,55.17,no_action
91.63,72.36,1103.76,398.36,AWS,us-west-2,c5.2xlarge,8,16,0.34,369.3,609.45,113.6206,82.0,scale_up
75.34,97.64,628.62,567.47,GCP,us-east-1,t3.micro,2,1,0.0116,408.6,1779.74,4.3436,86.49,scale_up
97.04,96.75,696.44,668.31,AWS,us-west-2,t3.medium,2,4,0.0464,48.42,789.16,23.844,96.9,scale_up
65.46,63.62,359.21,134.69,Azure,us-east-1,t3.micro,2,1,0.0116,237.64,1717.25,2.5016,64.54,no_action
83.53,94.1,1397.3,610.93,GCP,eu-west-1,c5.2xlarge,8,16,0.34,230.47,71.34,215.2703,88.81,scale_up
84.99,95.57,1000.3,707.34,Azure,ap-south-1,m5.xlarge,4,16,0.192,199.02,534.57,131.9782,90.28,scale_up
0.02,28.11,16.45,11.68,Azure,eu-west-1,t3.medium,2,4,0.0464,135.42,85.26,4.1516,14.06,no_action
47.16,69.63,199.05,176.61,GCP,us-east-1,t3.micro,2,1,0.0116,422.98,486.05,3.4746,58.39,no_action
46.31,53.47,349.75,213.32,GCP,us-east-1,t3.large,2,8,0.0928,39.83,1265.76,63.6958,49.89,no_action
13.55,25.7,94.41,16.8,Azure,eu-west-1,t3.medium,2,4,0.0464,282.54,199.16,6.7344,19.63,no_action
88.21,89.86,707.47,843.51,Azure,ap-south-1,t3.medium,2,4,0.0464,420.08,947.46,13.763,89.03,scale_up
86.62,94.62,1114.54,799.3,GCP,us-east-1,t3.large,2,8,0.0928,249.54,245.74,1.0029,90.62,scale_up
8.87,14.87,42.11,20.53,AWS,eu-west-1,t3.medium,2,4,0.0464,119.52,281.38,6.6082,11.87,scale_down
89.37,82.07,874.65,409.76,Azure,ap-south-1,t3.medium,2,4,0.0464,217.88,1969.04,9.98,85.72,scale_up
26.76,16.07,54.36,32.69,Azure,eu-west-1,t3.medium,2,4,0.0464,196.59,1297.97,1.5399,21.41,no_action
69.95,34.19,429.06,102.51,Azure,us-west-2,t3.medium,2,4,0.0464,200.07,640.04,13.3962,52.07,no_action
13.25,14.72,84.88,35.3,AWS,eu-west-1,t3.micro,2,1,0.0116,247.77,522.81,7.3922,13.98,scale_down
22.77,14.36,4.47,15.48,AWS,eu-west-1,t3.medium,2,4,0.0464,149.69,1624.06,2.9681,18.56,no_action
32.22,30.09,197.92,220.15,GCP,eu-west-1,t3.large,2,8,0.0928,65.03,236.39,27.5134,31.16,no_action
1.13,9.48,31.41,31.67,Azure,ap-south-1,t3.micro,2,1,0.0116,57.37,1260.8,0.8043,5.3,scale_down
17.9,10.12,26.25,6.09,GCP,ap-south-1,m5.xlarge,4,16,0.192,257.33,1174.67,49.798,14.01,scale_down
78.63,97.13,1468.82,895.14,GCP,us-east-1,t3.medium,2,4,0.0464,395.93,1330.37,11.5805,87.88,scale_up
32.57,65.75,311.92,217.34,Azure,us-west-2,t3.large,2,8,0.0928,416.63,309.12,2.6678,49.16,no_action
86.71,87.95,530.97,464.94,AWS,ap-south-1,m5.xlarge,4,16,0.192,21.24,846.47,123.7588,87.33,scale_up
75.47,71.08,1414.86,511.21,GCP,eu-west-1,t3.large,2,8,0.0928,208.35,46.56,18.1429,73.27,no_action
39.89,47.55,412.8,245.99,AWS,eu-west-1,c5.2xlarge,8,16,0.34,229.36,1586.46,205.3495,43.72,no_action
18.26,16.8,96.11,31.37,GCP,us-west-2,t3.micro,2,1,0.0116,133.48,591.86,5.8941,17.53,scale_down
34.31,66.9,327.39,140.93,GCP,us-west-2,t3.micro,2,1,0.0116,379.49,522.16,5.7957,50.61,no_action
67.94,45.95,308.85,150.39,GCP,us-east-1,t3.large,2,8,0.0928,153.74,1608.49,18.2417,56.94,no_action
67.88,62.05,264.2,107.52,AWS,us-west-2,m5.xlarge,4,16,0.192,206.01,1654.17,31.6162,64.97,no_action
77.73,93.83,598.97,462.83,GCP,eu-west-1,t3.large,2,8,0.0928,428.28,699.47,65.0175,85.78,scale_up
26.64,3.07,74.41,40.29,AWS,ap-south-1,t3.micro,2,1,0.0116,139.34,948.5,5.9415,14.85,no_action
27.35,19.57,77.38,17.92,Azure,us-east-1,t3.micro,2,1,0.0116,95.68,1289.12,2.7453,23.46,no_action
99.14,70.45,981.13,500.02,GCP,eu-west-1,m5.xlarge,4,16,0.192,227.32,1145.62,60.3242,84.79,scale_up
83.28,78.47,1055.16,738.25,AWS,us-west-2,t3.medium,2,4,0.0464,268.77,1862.74,31.788,80.88,scale_up
77.64,90.49,1160.73,870.36,AWS,ap-south-1,t3.large,2,8,0.0928,366.19,113.57,59.0925,84.06,scale_up
15.97,27.16,8.3,9.55,GCP,us-east-1,c5.2xlarge,8,16,0.34,223.17,1173.67,199.8751,21.56,no_action
95.03,88.13,698.54,596.9,GCP,us-east-1,t3.medium,2,4,0.0464,372.44,1543.12,16.7145,91.58,scale_up
44.9,59.61,225.1,256.7,GCP,us-east-1,t3.large,2,8,0.0928,299.5,1589.85,66.1048,52.25,no_action
42.75,30.01,150.77,283.4,Azure,eu-west-1,c5.2xlarge,8,16,0.34,434.34,474.88,190.6208,36.38,no_action
65.58,35.34,224.23,203.93,GCP,us-east-1,t3.medium,2,4,0.0464,347.02,814.26,29.2502,50.46,no_action
46.83,68.04,108.88,125.93,GCP,us-east-1,c5.2xlarge,8,16,0.34,460.93,648.66,62.0057,57.43,no_action
97.39,73.17,1206.55,599.73,GCP,us-east-1,t3.large,2,8,0.0928,435.62,261.13,45.3241,85.28,scale_up
85.52,84.43,876.31,517.91,AWS,eu-west-1,t3.large,2,8,0.0928,30.87,1374.22,29.1984,84.97,scale_up
38.95,39.61,363.74,277.43,AWS,ap-south-1,t3.large,2,8,0.0928,491.28,404.08,9.0417,39.28,no_action
75.05,76.71,840.44,894.59,Azure,eu-west-1,t3.micro,2,1,0.0116,264.15,417.38,2.8041,75.88,no_action
11.85,10.05,20.73,18.89,GCP,eu-west-1,m5.xlarge,4,16,0.192,161.76,1357.83,40.1683,10.95,scale_down
72.16,45.09,365.63,113.77,GCP,eu-west-1,t3.large,2,8,0.0928,67.88,126.49,20.471,58.63,no_action
26.94,21.95,36.7,5.31,Azure,ap-south-1,t3.medium,2,4,0.0464,345.88,1957.52,24.2871,24.45,no_action
77.44,96.93,849.9,630.79,GCP,us-east-1,c5.2xlarge,8,16,0.34,182.97,260.35,144.408,87.19,scale_up
65.86,53.62,138.77,187.01,Azure,ap-south-1,m5.xlarge,4,16,0.192,352.86,1587.48,87.0404,59.74,no_action
59.72,59.22,281.3,221.08,Azure,us-east-1,t3.medium,2,4,0.0464,183.16,1338.93,1.4007,59.47,no_action
21.48,6.13,24.72,49.8,Azure,ap-south-1,t3.large,2,8,0.0928,56.17,369.52,8.7686,13.81,no_action
70.57,31.39,227.95,199.16,GCP,eu-west-1,c5.2xlarge,8,16,0.34,304.38,965.45,199.7376,50.98,no_action
76.74,87.67,1020.66,745.32,GCP,us-west-2,m5.xlarge,4,16,0.192,257.32,850.67,55.1471,82.2,scale_up
75.63,91.69,1310.36,778.11,GCP,us-east-1,t3.micro,2,1,0.0116,68.15,1807.57,5.6187,83.66,scale_up
20.8,2.13,18.94,38.57,Azure,us-east-1,m5.xlarge,4,16,0.192,421.51,1239.21,89.1533,11.46,no_action
86.99,85.41,740.26,374.82,GCP,us-east-1,t3.medium,2,4,0.0464,295.17,1530.87,33.1796,86.2,scale_up
42.18,31.17,342.04,148.94,Azure,eu-west-1,t3.large,2,8,0.0928,152.84,1735.21,49.9179,36.67,no_action
79.62,80.23,1043.54,727.01,Azure,eu-west-1,m5.xlarge,4,16,0.192,109.41,1348.32,97.4136,79.92,scale_up
18.58,24.09,43.18,39.29,Azure,eu-west-1,c5.2xlarge,8,16,0.34,233.92,1882.52,119.2385,21.34,no_action
37.36,35.0,110.67,53.11,AWS,us-east-1,t3.medium,2,4,0.0464,440.51,99.73,24.4411,36.18,no_action
25.02,14.69,76.26,41.67,AWS,us-west-2,t3.medium,2,4,0.0464,177.27,1785.38,15.7421,19.86,no_action
3.98,7.0,45.34,25.86,AWS,us-east-1,t3.large,2,8,0.0928,382.99,900.19,52.7951,5.49,scale_down
47.86,59.74,332.29,147.03,AWS,us-east-1,t3.large,2,8,0.0928,89.53,461.41,38.4921,53.8,no_action
91.57,95.58,757.94,594.91,GCP,us-east-1,t3.large,2,8,0.0928,487.89,673.15,39.7962,93.57,scale_up
29.09,22.39,17.56,3.23,GCP,eu-west-1,t3.large,2,8,0.0928,290.94,722.05,18.4722,25.74,no_action
17.5,16.15,45.45,10.46,AWS,us-west-2,c5.2xlarge,8,16,0.34,6.84,490.6,124.9469,16.83,scale_down
10.51,13.57,13.35,2.4,AWS,ap-south-1,t3.large,2,8,0.0928,388.83,1145.66,50.8495,12.04,scale_down
80.7,70.35,630.34,485.56,AWS,ap-south-1,t3.large,2,8,0.0928,62.85,1971.86,20.6858,75.52,scale_up
1.39,7.99,49.72,21.0,AWS,eu-west-1,t3.micro,2,1,0.0116,99.96,674.29,6.081,4.69,scale_down
80.17,89.62,916.22,407.8,Azure,eu-west-1,m5.xlarge,4,16,0.192,346.11,1134.49,118.73,84.9,scale_up
19.09,21.92,91.8,45.59,GCP,eu-west-1,t3.micro,2,1,0.0116,370.78,403.67,7.0457,20.5,no_action
8.11,24.11,99.56,12.63,Azure,us-east-1,c5.2xlarge,8,16,0.34,221.2,1045.16,72.4389,16.11,no_action
37.7,64.93,381.96,71.3,GCP,ap-south-1,t3.micro,2,1,0.0116,326.8,1310.78,7.9869,51.31,no_action
27.96,21.62,76.58,4.57,AWS,ap-south-1,c5.2xlarge,8,16,0.34,259.37,470.85,44.6406,24.79,no_action
28.23,26.02,28.76,16.65,AWS,ap-south-1,m5.xlarge,4,16,0.192,216.14,287.2,3.2667,27.13,no_action
71.71,56.6,376.34,246.74,Azure,eu-west-1,t3.large,2,8,0.0928,62.59,726.72,64.6947,64.16,no_action
62.07,57.52,227.73,113.05,AWS,eu-west-1,t3.micro,2,1,0.0116,478.18,1847.37,3.8258,59.79,no_action
65.72,56.45,143.12,171.9,AWS,eu-west-1,c5.2xlarge,8,16,0.34,350.33,1064.49,96.089,61.09,no_action
84.75,82.2,1076.97,391.3,AWS,eu-west-1,c5.2xlarge,8,16,0.34,92.44,577.87,234.012,83.47,scale_up
3.83,25.78,59.48,16.77,AWS,ap-south-1,t3.medium,2,4,0.0464,408.85,1607.1,28.2606,14.8,no_action
91.21,82.4,905.62,707.73,Azure,us-east-1,c5.2xlarge,8,16,0.34,38.21,1191.47,189.0709,86.8,scale_up
73.44,57.35,416.82,123.19,AWS,us-east-1,c5.2xlarge,8,16,0.34,44.2,980.77,77.2426,65.4,no_action
79.97,78.42,1499.32,460.81,AWS,us-west-2,t3.micro,2,1,0.0116,167.76,1322.06,2.4634,79.19,no_action
26.55,6.65,46.35,23.52,GCP,us-west-2,m5.xlarge,4,16,0.192,437.42,1527.97,71.0213,16.6,no_action
85.07,97.22,1240.31,625.7,Azure,ap-south-1,t3.large,2,8,0.0928,267.17,702.06,34.8236,91.14,scale_up
63.88,62.93,451.76,171.93,Azure,us-west-2,t3.large,2,8,0.0928,317.16,168.24,32.6563,63.4,no_action
49.06,52.87,461.15,148.62,AWS,eu-west-1,t3.medium,2,4,0.0464,490.66,1520.47,17.1102,50.96,no_action
17.47,29.58,63.64,41.71,AWS,us-east-1,c5.2xlarge,8,16,0.34,400.88,697.47,63.8044,23.53,no_action
97.36,86.28,1478.44,786.01,GCP,eu-west-1,t3.large,2,8,0.0928,280.07,1894.61,33.7797,91.82,scale_up
12.75,8.26,26.5,26.81,Azure,us-west-2,t3.large,2,8,0.0928,227.33,885.84,6.1738,10.51,scale_down
64.56,68.43,299.82,78.02,GCP,ap-south-1,m5.xlarge,4,16,0.192,223.18,963.15,124.0202,66.49,no_action
73.82,30.33,459.53,282.78,GCP,us-east-1,t3.medium,2,4,0.0464,480.71,36.02,5.7746,52.07,no_action
4.08,14.93,21.42,3.0,GCP,eu-west-1,t3.medium,2,4,0.0464,166.12,295.94,23.7309,9.5,scale_down
29.97,29.62,88.17,19.73,Azure,us-east-1,m5.xlarge,4,16,0.192,344.85,839.02,89.7199,29.79,no_action
31.1,61.63,104.76,123.29,Azure,us-west-2,c5.2xlarge,8,16,0.34,7.93,758.64,15.7802,46.36,no_action
24.85,9.69,23.73,13.13,Azure,us-east-1,m5.xlarge,4,16,0.192,254.69,1490.66,69.6604,17.27,no_action
62.27,63.32,397.09,261.64,AWS,us-west-2,t3.large,2,8,0.0928,36.61,72.92,17.3408,62.8,no_action
6.6,11.66,86.57,36.22,AWS,ap-south-1,t3.micro,2,1,0.0116,204.89,437.34,2.9805,9.13,scale_down
95.16,85.31,1477.43,469.01,Azure,us-east-1,m5.xlarge,4,16,0.192,242.93,901.51,16.8654,90.23,scale_up
48.84,47.27,121.57,179.14,AWS,eu-west-1,c5.2xlarge,8,16,0.34,254.85,307.6,25.7246,48.06,no_action
22.44,5.91,77.73,41.6,AWS,eu-west-1,t3.large,2,8,0.0928,183.83,434.59,25.7846,14.17,no_action
3.41,24.18,25.32,12.45,GCP,ap-south-1,t3.micro,2,1,0.0116,297.24,149.53,0.2309,13.79,no_action
81.37,77.9,1056.24,546.85,GCP,us-east-1,c5.2xlarge,8,16,0.34,474.13,261.48,238.3688,79.63,scale_up
10.54,24.36,31.95,8.18,GCP,ap-south-1,t3.micro,2,1,0.0116,220.74,910.03,0.1459,17.45,no_action
91.7,96.87,557.79,384.39,Azure,eu-west-1,t3.medium,2,4,0.0464,359.73,880.19,13.5094,94.29,scale_up
86.92,92.91,758.26,588.47,Azure,us-west-2,t3.medium,2,4,0.0464,496.05,1376.43,28.1154,89.91,scale_up
91.67,88.16,587.08,321.91,AWS,ap-south-1,c5.2xlarge,8,16,0.34,312.04,595.64,21.4725,89.91,scale_up
40.66,55.09,220.6,292.01,Azure,ap-south-1,m5.xlarge,4,16,0.192,352.96,282.08,57.7159,47.87,no_action
17.5,1.85,65.54,0.41,AWS,us-west-2,c5.2xlarge,8,16,0.34,391.08,1336.61,75.8257,9.67,scale_down
1.47,17.2,85.36,12.1,AWS,ap-south-1,c5.2xlarge,8,16,0.34,438.76,47.9,179.3959,9.34,scale_down
19.58,1.84,52.56,24.83,GCP,us-west-2,t3.large,2,8,0.0928,76.36,1841.34,29.5021,10.71,scale_down
57.99,50.23,426.84,265.25,Azure,eu-west-1,c5.2xlarge,8,16,0.34,309.73,35.39,170.2958,54.11,no_action
71.27,35.36,368.6,51.09,AWS,us-east-1,t3.large,2,8,0.0928,462.7,233.88,6.4238,53.31,no_action
95.44,98.0,1438.36,848.49,Azure,eu-west-1,t3.medium,2,4,0.0464,275.48,718.86,0.289,96.72,scale_up
38.31,45.82,169.86,262.2,AWS,eu-west-1,m5.xlarge,4,16,0.192,152.61,1201.14,69.6085,42.07,no_action
10.95,27.38,78.05,37.77,Azure,us-east-1,t3.micro,2,1,0.0116,305.33,1257.3,5.3328,19.17,no_action
21.97,23.31,87.25,10.78,AWS,us-west-2,m5.xlarge,4,16,0.192,46.48,970.96,71.1598,22.64,no_action
53.72,31.53,346.09,257.01,AWS,us-east-1,m5.xlarge,4,16,0.192,82.96,1192.72,82.1387,42.62,no_action
11.81,6.82,17.13,33.38,Azure,us-west-2,t3.micro,2,1,0.0116,306.68,1290.67,0.7456,9.32,scale_down
28.93,3.44,31.44,40.51,AWS,us-west-2,c5.2xlarge,8,16,0.34,136.75,438.09,202.1119,16.18,no_action
84.96,75.1,1261.89,764.08,GCP,ap-south-1,c5.2xlarge,8,16,0.34,438.18,62.94,137.722,80.03,scale_up
5.76,19.15,65.46,47.7,GCP,eu-west-1,t3.medium,2,4,0.0464,388.7,1609.23,17.7815,12.46,scale_down
57.35,45.76,206.13,92.06,Azure,us-east-1,t3.large,2,8,0.0928,348.45,1294.34,45.9565,51.55,no_action
23.21,13.67,61.19,18.68,AWS,eu-west-1,m5.xlarge,4,16,0.192,352.46,1673.09,95.2012,18.44,no_action
80.09,80.21,976.57,477.64,AWS,eu-west-1,c5.2xlarge,8,16,0.34,259.89,339.09,239.3517,80.15,scale_up
15.76,21.75,43.6,31.5,GCP,ap-south-1,c5.2xlarge,8,16,0.34,173.59,609.31,141.6941,18.75,no_action
27.83,13.75,65.94,45.72,AWS,eu-west-1,t3.large,2,8,0.0928,49.61,1543.26,41.2488,20.79,no_action
96.79,84.55,805.58,610.58,Azure,us-west-2,t3.large,2,8,0.0928,194.07,1132.96,7.7348,90.67,scale_up
81.11,86.81,521.74,612.34,Azure,us-west-2,c5.2xlarge,8,16,0.34,198.93,1158.47,172.053,83.96,scale_up
82.91,99.28,756.83,573.68,GCP,us-east-1,m5.xlarge,4,16,0.192,19.86,800.48,79.0616,91.09,scale_up
9.23,3.35,83.98,49.86,GCP,us-west-2,m5.xlarge,4,16,0.192,149.84,721.99,130.1826,6.29,scale_down
23.25,11.78,50.44,23.22,Azure,eu-west-1,t3.large,2,8,0.0928,130.43,1015.01,2.1276,17.51,no_action
87.86,73.21,1160.12,801.65,Azure,us-west-2,t3.micro,2,1,0.0116,360.63,1051.28,0.3879,80.53,scale_up
51.14,43.23,401.98,132.34,AWS,us-east-1,t3.micro,2,1,0.0116,73.42,804.09,8.1845,47.19,no_action
33.2,49.52,380.87,178.3,AWS,ap-south-1,t3.large,2,8,0.0928,436.69,584.98,5.8476,41.36,no_action
37.11,34.99,175.35,137.73,GCP,ap-south-1,m5.xlarge,4,16,0.192,465.61,1601.36,59.9394,36.05,no_action
15.83,16.2,46.1,16.29,AWS,ap-south-1,t3.micro,2,1,0.0116,240.45,1209.59,8.2352,16.02,scale_down
49.27,65.21,484.36,273.25,Azure,us-west-2,m5.xlarge,4,16,0.192,360.99,1174.14,95.3432,57.24,no_action
61.03,57.17,200.91,196.68,AWS,us-east-1,m5.xlarge,4,16,0.192,398.98,955.41,109.7052,59.1,no_action
38.93,68.47,304.59,233.48,GCP,ap-south-1,t3.large,2,8,0.0928,208.47,716.71,27.2601,53.7,no_action
5.56,19.03,81.83,32.04,GCP,us-west-2,c5.2xlarge,8,16,0.34,158.65,1315.66,51.7895,12.3,scale_down
70.9,55.52,407.67,142.14,AWS,ap-south-1,t3.micro,2,1,0.0116,480.21,1642.72,7.1339,63.21,no_action
81.77,95.66,531.88,345.66,AWS,us-east-1,t3.large,2,8,0.0928,140.59,407.75,15.5632,88.72,scale_up
79.79,75.02,681.19,703.17,AWS,ap-south-1,t3.large,2,8,0.0928,232.44,1983.64,15.2314,77.4,no_action
27.12,0.47,93.39,40.49,AWS,us-east-1,t3.micro,2,1,0.0116,419.42,195.64,6.1733,13.79,no_action
72.55,47.72,339.72,169.08,Azure,us-west-2,m5.xlarge,4,16,0.192,466.76,161.41,69.3706,60.14,no_action
88.87,93.89,503.77,678.83,Azure,ap-south-1,t3.large,2,8,0.0928,300.28,643.12,30.2132,91.38,scale_up
53.95,40.66,459.78,281.84,GCP,us-west-2,c5.2xlarge,8,16,0.34,204.29,1781.7,94.2001,47.3,no_action
93.94,76.71,555.67,778.51,AWS,us-west-2,t3.micro,2,1,0.0116,81.26,1254.04,2.836,85.32,scale_up
61.3,57.95,381.57,173.13,AWS,ap-south-1,t3.large,2,8,0.0928,457.87,983.5,30.1359,59.62,no_action
12.06,21.51,87.67,10.82,GCP,us-east-1,c5.2xlarge,8,16,0.34,404.56,1517.23,87.5969,16.78,no_action
86.34,85.21,1187.39,679.97,AWS,ap-south-1,t3.large,2,8,0.0928,406.31,99.06,19.8723,85.78,scale_up
39.88,57.1,403.36,106.23,AWS,ap-south-1,c5.2xlarge,8,16,0.34,42.92,1622.93,239.0557,48.49,no_action
85.45,98.29,1221.51,352.88,Azure,ap-south-1,t3.micro,2,1,0.0116,423.93,1467.28,5.1071,91.87,scale_up
87.8,86.47,1038.33,639.04,GCP,eu-west-1,m5.xlarge,4,16,0.192,474.61,1805.47,121.083,87.13,scale_up
7.76,10.22,6.41,8.98,AWS,ap-south-1,t3.large,2,8,0.0928,383.97,992.13,58.8538,8.99,scale_down
16.65,27.13,60.22,24.65,AWS,us-west-2,t3.large,2,8,0.0928,393.95,1895.59,23.836,21.89,no_action
18.49,12.86,18.23,47.12,GCP,eu-west-1,m5.xlarge,4,16,0.192,378.76,423.97,46.8123,15.67,scale_down
11.59,6.34,63.27,48.8,Azure,eu-west-1,t3.micro,2,1,0.0116,158.75,927.33,5.633,8.97,scale_down
47.23,40.05,341.68,269.96,Azure,us-east-1,c5.2xlarge,8,16,0.34,165.71,798.51,99.7437,43.64,no_action
6.05,2.35,78.81,41.77,GCP,ap-south-1,t3.large,2,8,0.0928,85.51,1710.15,45.9161,4.2,scale_down
61.92,32.0,127.76,250.67,Azure,eu-west-1,t3.large,2,8,0.0928,405.47,498.16,41.1428,46.96,no_action
2.4,23.34,49.3,28.21,Azure,ap-south-1,m5.xlarge,4,16,0.192,328.7,1846.02,8.0221,12.87,no_action
21.45,18.44,4.7,43.96,Azure,eu-west-1,t3.micro,2,1,0.0116,407.31,1332.95,2.8401,19.95,no_action
7.06,21.81,37.8,0.41,AWS,us-west-2,c5.2xlarge,8,16,0.34,9.58,926.53,119.7184,14.44,no_action
89.0,79.03,667.13,544.3,GCP,eu-west-1,t3.large,2,8,0.0928,119.98,1074.25,13.3593,84.01,scale_up
63.93,34.42,287.12,67.72,AWS,us-west-2,m5.xlarge,4,16,0.192,301.1,536.16,73.0295,49.17,no_action
90.4,81.26,1484.19,318.2,Azure,us-east-1,c5.2xlarge,8,16,0.34,499.31,1251.02,136.9215,85.83,scale_up
5.67,21.03,29.06,14.87,GCP,us-east-1,m5.xlarge,4,16,0.192,151.69,1453.88,31.919,13.35,no_action
99.3,70.43,1101.32,637.58,Azure,us-west-2,t3.medium,2,4,0.0464,71.68,310.32,26.4914,84.87,scale_up
67.13,42.2,496.07,68.96,AWS,ap-south-1,t3.large,2,8,0.0928,332.59,901.97,29.8915,54.66,no_action
21.65,8.47,83.53,15.84,AWS,us-east-1,t3.medium,2,4,0.0464,363.92,250.79,5.6746,15.06,no_action
29.37,26.41,27.99,5.3,GCP,eu-west-1,m5.xlarge,4,16,0.192,60.56,589.53,84.9788,27.89,no_action
30.25,37.45,139.89,140.83,Azure,us-west-2,c5.2xlarge,8,16,0.34,253.17,96.36,85.5289,33.85,no_action
52.29,47.11,482.41,103.68,Azure,us-west-2,m5.xlarge,4,16,0.192,260.75,1474.67,77.0633,49.7,no_action
5.38,0.76,3.94,29.38,AWS,us-east-1,m5.xlarge,4,16,0.192,35.51,1917.51,19.7856,3.07,scale_down
38.51,48.78,388.13,182.36,Azure,us-east-1,t3.medium,2,4,0.0464,200.77,651.45,20.4101,43.64,no_action
50.9,69.16,168.96,139.37,GCP,us-east-1,t3.large,2,8,0.0928,366.07,1928.25,10.4799,60.03,no_action
49.84,55.37,409.79,58.45,Azure,eu-west-1,c5.2xlarge,8,16,0.34,298.61,381.6,84.9108,52.6,no_action
84.85,82.49,950.91,796.14,GCP,us-west-2,m5.xlarge,4,16,0.192,53.51,1410.84,46.8447,83.67,scale_up
67.2,34.28,301.9,224.27,GCP,us-west-2,t3.medium,2,4,0.0464,295.48,1667.23,2.4575,50.74,no_action
45.31,54.83,456.4,174.04,AWS,us-west-2,m5.xlarge,4,16,0.192,413.24,810.29,14.3274,50.07,no_action
45.86,58.52,163.08,113.07,AWS,eu-west-1,t3.medium,2,4,0.0464,82.54,1906.29,13.5713,52.19,no_action
98.59,94.13,680.65,543.94,AWS,eu-west-1,t3.large,2,8,0.0928,181.03,1584.1,34.1358,96.36,scale_up
84.39,84.93,843.12,445.14,AWS,us-west-2,t3.medium,2,4,0.0464,202.26,48.15,25.8182,84.66,scale_up
46.12,63.11,109.04,110.96,GCP,us-west-2,c5.2xlarge,8,16,0.34,80.52,1719.79,114.6358,54.62,no_action
25.51,21.19,29.05,8.26,Azure,eu-west-1,c5.2xlarge,8,16,0.34,461.11,851.92,68.4846,23.35,no_action
55.32,62.12,270.85,108.39,AWS,us-east-1,t3.large,2,8,0.0928,497.29,1913.58,56.3724,58.72,no_action
42.88,37.96,474.54,54.63,Azure,us-west-2,t3.medium,2,4,0.0464,221.7,53.04,16.1798,40.42,no_action
84.41,90.17,1282.4,618.45,GCP,us-west-2,t3.micro,2,1,0.0116,296.97,409.23,2.408,87.29,scale_up
87.99,86.88,1444.95,417.34,GCP,ap-south-1,m5.xlarge,4,16,0.192,322.63,1636.35,77.5322,87.43,scale_up
82.64,92.34,547.52,431.58,Azure,eu-west-1,t3.medium,2,4,0.0464,354.59,1567.48,15.2366,87.49,scale_up
49.09,47.0,156.31,178.31,Azure,us-east-1,c5.2xlarge,8,16,0.34,295.65,958.21,79.9624,48.05,no_action
66.89,52.16,280.23,121.38,AWS,ap-south-1,c5.2xlarge,8,16,0.34,152.53,772.37,204.6036,59.53,no_action
44.36,60.69,182.77,275.06,Azure,us-west-2,t3.micro,2,1,0.0116,263.88,237.87,3.3548,52.52,no_action
60.24,66.46,300.86,291.46,Azure,us-east-1,t3.micro,2,1,0.0116,471.11,1731.47,4.1816,63.35,no_action
48.98,35.87,291.6,54.36,GCP,us-east-1,t3.medium,2,4,0.0464,368.28,156.43,21.0346,42.43,no_action
62.13,59.44,155.31,291.54,GCP,us-east-1,m5.xlarge,4,16,0.192,411.41,416.92,25.8917,60.79,no_action
9.41,25.16,42.86,36.33,Azure,eu-west-1,m5.xlarge,4,16,0.192,257.48,1247.71,54.7702,17.28,no_action
19.78,10.47,67.03,32.12,Azure,us-east-1,m5.xlarge,4,16,0.192,465.85,1684.42,89.5708,15.13,scale_down
6.65,8.08,24.27,49.58,Azure,us-west-2,t3.medium,2,4,0.0464,102.71,1155.29,30.9147,7.37,scale_down
10.66,24.61,4.47,37.77,Azure,us-east-1,t3.micro,2,1,0.0116,137.2,958.91,6.8727,17.64,no_action
65.72,48.59,315.01,298.79,AWS,us-east-1,t3.medium,2,4,0.0464,202.56,1234.65,12.2315,57.16,no_action
32.35,33.82,363.55,211.78,AWS,us-west-2,m5.xlarge,4,16,0.192,21.36,12.25,11.0727,33.09,no_action
81.61,85.42,1073.15,855.45,AWS,ap-south-1,m5.xlarge,4,16,0.192,324.45,835.32,128.6251,83.52,scale_up
91.9,86.8,1289.67,743.28,GCP,ap-south-1,t3.micro,2,1,0.0116,314.48,1972.9,4.462,89.35,scale_up
94.43,98.71,1196.8,657.62,GCP,us-west-2,m5.xlarge,4,16,0.192,232.89,735.18,48.9236,96.57,scale_up
38.93,49.76,416.66,168.93,GCP,us-east-1,c5.2xlarge,8,16,0.34,270.63,1544.56,161.9929,44.34,no_action
3.57,0.45,89.0,12.25,AWS,us-east-1,m5.xlarge,4,16,0.192,366.2,1623.92,118.7734,2.01,scale_down
20.42,23.7,81.52,4.24,GCP,ap-south-1,t3.medium,2,4,0.0464,313.37,23.5,1.4962,22.06,no_action
89.35,95.89,981.38,347.12,GCP,us-west-2,t3.micro,2,1,0.0116,282.47,670.83,1.3039,92.62,scale_up
59.95,69.13,391.35,210.94,AWS,us-east-1,c5.2xlarge,8,16,0.34,170.87,78.66,70.7751,64.54,no_action
17.39,5.16,26.16,24.82,GCP,us-west-2,t3.large,2,8,0.0928,212.1,1559.34,49.0946,11.27,scale_down
72.13,32.2,369.36,272.82,GCP,us-west-2,t3.micro,2,1,0.0116,402.92,376.24,2.4797,52.16,no_action
21.57,21.89,10.02,35.89,GCP,ap-south-1,c5.2xlarge,8,16,0.34,341.51,1663.54,10.5085,21.73,no_action
48.51,67.2,237.41,290.87,AWS,eu-west-1,m5.xlarge,4,16,0.192,455.58,1264.74,80.2352,57.85,no_action
50.32,67.54,149.01,103.01,GCP,ap-south-1,t3.micro,2,1,0.0116,19.62,873.53,2.3288,58.93,no_action
58.66,39.37,331.57,211.79,AWS,ap-south-1,c5.2xlarge,8,16,0.34,345.01,1555.04,76.45,49.02,no_action
75.08,79.11,608.61,583.68,AWS,eu-west-1,t3.micro,2,1,0.0116,340.18,1750.27,6.2604,77.09,no_action
91.53,78.68,753.5,498.53,AWS,ap-south-1,t3.micro,2,1,0.0116,138.55,1027.76,3.6826,85.11,scale_up
65.87,47.71,227.39,230.81,Azure,eu-west-1,t3.medium,2,4,0.0464,401.79,1585.52,32.6632,56.79,no_action
54.75,49.67,326.18,228.88,AWS,eu-west-1,t3.medium,2,4,0.0464,59.27,1501.76,4.5798,52.21,no_action
27.97,22.5,84.3,23.5,GCP,eu-west-1,t3.large,2,8,0.0928,197.94,791.49,41.1969,25.24,no_action
72.89,54.33,188.0,169.8,Azure,ap-south-1,t3.large,2,8,0.0928,339.33,654.02,5.4067,63.61,no_action
66.84,34.98,443.06,274.38,GCP,us-east-1,t3.large,2,8,0.0928,473.62,801.0,14.5811,50.91,no_action
22.53,28.0,31.71,46.97,GCP,us-east-1,m5.xlarge,4,16,0.192,187.42,117.4,105.5184,25.27,no_action
31.45,54.98,266.73,190.05,AWS,ap-south-1,m5.xlarge,4,16,0.192,217.51,1932.45,83.588,43.22,no_action
30.54,31.37,380.94,119.77,Azure,ap-south-1,t3.large,2,8,0.0928,291.79,412.53,18.1247,30.96,no_action
26.85,19.78,34.48,44.68,AWS,eu-west-1,c5.2xlarge,8,16,0.34,149.3,1129.8,24.7202,23.32,no_action
82.49,88.69,969.29,369.96,AWS,ap-south-1,c5.2xlarge,8,16,0.34,187.05,60.64,157.4657,85.59,scale_up
50.96,50.48,154.77,135.25,AWS,ap-south-1,t3.micro,2,1,0.0116,97.93,1644.19,7.641,50.72,no_action
89.58,76.9,648.13,692.3,AWS,us-west-2,c5.2xlarge,8,16,0.34,342.2,1506.79,123.4444,83.24,scale_up
77.17,80.11,629.0,613.88,AWS,us-east-1,t3.large,2,8,0.0928,318.35,1160.79,17.3901,78.64,scale_up
59.51,49.88,112.83,203.08,GCP,ap-south-1,t3.medium,2,4,0.0464,359.51,839.33,25.311,54.7,no_action
51.91,69.14,486.18,154.07,Azure,ap-south-1,t3.micro,2,1,0.0116,136.42,612.16,2.2533,60.52,no_action
48.36,38.45,293.0,135.28,Azure,us-west-2,t3.medium,2,4,0.0464,273.09,1353.63,21.1747,43.41,no_action
75.61,88.75,752.57,701.37,AWS,eu-west-1,t3.micro,2,1,0.0116,374.77,1832.7,8.0027,82.18,scale_up
97.27,91.56,572.97,792.68,Azure,us-west-2,m5.xlarge,4,16,0.192,249.05,1695.1,83.1229,94.41,scale_up
90.6,83.81,539.45,308.68,Azure,us-west-2,m5.xlarge,4,16,0.192,64.02,1301.69,78.4877,87.2,scale_up
26.03,11.1,7.12,44.71,AWS,us-west-2,t3.medium,2,4,0.0464,444.65,1710.94,28.2397,18.57,no_action
82.01,71.59,1295.58,550.23,GCP,eu-west-1,c5.2xlarge,8,16,0.34,118.41,471.26,220.6962,76.8,scale_up
24.84,12.35,51.88,1.68,Azure,ap-south-1,t3.micro,2,1,0.0116,338.84,815.17,3.7271,18.59,no_action
87.83,77.27,684.33,338.9,GCP,ap-south-1,t3.micro,2,1,0.0116,382.51,860.61,5.2381,82.55,scale_up
47.46,45.04,356.02,173.7,Azure,ap-south-1,t3.medium,2,4,0.0464,425.32,1750.66,5.7366,46.25,no_action
88.0,90.4,585.75,576.55,AWS,us-west-2,t3.micro,2,1,0.0116,373.1,1971.76,5.5762,89.2,scale_up
39.53,64.04,270.96,290.49,GCP,eu-west-1,t3.large,2,8,0.0928,362.84,1292.68,48.6908,51.79,no_action
9.94,3.56,57.04,45.32,AWS,ap-south-1,c5.2xlarge,8,16,0.34,393.11,1248.81,77.3587,6.75,scale_down
82.07,77.15,1375.12,820.78,AWS,us-west-2,t3.micro,2,1,0.0116,317.33,951.23,5.6173,79.61,scale_up
87.81,79.92,1360.51,584.26,AWS,us-east-1,t3.medium,2,4,0.0464,400.79,1165.43,25.8379,83.87,scale_up
88.65,76.42,975.53,490.91,AWS,us-east-1,t3.medium,2,4,0.0464,137.02,1934.3,5.3867,82.54,scale_up
27.94,9.67,92.61,39.65,Azure,us-east-1,c5.2xlarge,8,16,0.34,461.61,1335.88,57.9455,18.81,no_action
82.61,85.43,1213.46,855.72,Azure,eu-west-1,t3.large,2,8,0.0928,48.78,1909.2,61.5664,84.02,scale_up
47.29,47.29,491.7,72.16,GCP,ap-south-1,t3.medium,2,4,0.0464,461.5,965.67,20.8554,47.29,no_action
17.55,29.91,45.59,37.44,AWS,us-east-1,t3.medium,2,4,0.0464,335.27,1982.95,23.8405,23.73,no_action
88.06,70.22,816.6,706.31,GCP,us-west-2,m5.xlarge,4,16,0.192,244.6,1956.76,120.8603,79.14,scale_up
27.34,24.62,12.79,49.9,GCP,us-west-2,m5.xlarge,4,16,0.192,133.0,1451.17,125.5444,25.98,no_action
48.78,41.9,465.08,98.2,Azure,eu-west-1,m5.xlarge,4,16,0.192,197.74,1881.22,59.1532,45.34,no_action
12.68,24.02,25.38,21.12,AWS,eu-west-1,m5.xlarge,4,16,0.192,394.34,1948.02,8.4232,18.35,no_action
43.05,54.54,241.52,133.4,AWS,eu-west-1,t3.micro,2,1,0.0116,23.78,302.45,7.6604,48.8,no_action
63.28,68.74,282.19,257.38,Azure,us-west-2,m5.xlarge,4,16,0.192,487.66,1748.21,31.5496,66.01,no_action
94.13,84.11,817.35,673.58,AWS,eu-west-1,t3.medium,2,4,0.0464,328.12,1541.1,5.2745,89.12,scale_up
0.06,11.41,81.85,18.31,Azure,eu-west-1,t3.large,2,8,0.0928,302.77,1216.57,24.4485,5.74,scale_down
78.28,87.75,1133.0,331.82,GCP,us-east-1,t3.micro,2,1,0.0116,125.29,1592.97,0.4255,83.01,scale_up
45.59,30.77,430.09,85.68,GCP,ap-south-1,t3.large,2,8,0.0928,158.22,1142.52,16.5062,38.18,no_action
72.7,63.9,233.22,149.99,AWS,us-west-2,t3.micro,2,1,0.0116,214.55,1256.1,2.4036,68.3,no_action
59.03,45.82,427.12,191.96,AWS,ap-south-1,m5.xlarge,4,16,0.192,25.78,361.75,119.6027,52.42,no_action
82.38,75.81,1053.84,529.68,AWS,us-east-1,m5.xlarge,4,16,0.192,82.85,1289.08,74.2269,79.09,scale_up
82.32,80.38,1246.73,808.15,GCP,us-west-2,t3.large,2,8,0.0928,191.31,600.28,59.4395,81.35,scale_up
19.8,22.0,38.87,21.65,GCP,eu-west-1,t3.micro,2,1,0.0116,76.35,1647.27,7.777,20.9,no_action
81.63,77.66,1113.53,867.02,GCP,us-west-2,t3.large,2,8,0.0928,28.89,12.03,40.1389,79.65,scale_up
24.43,13.77,25.18,18.52,AWS,eu-west-1,t3.large,2,8,0.0928,15.02,1052.75,33.7919,19.1,no_action
4.85,11.07,42.4,18.03,AWS,ap-south-1,c5.2xlarge,8,16,0.34,400.26,1052.83,140.1955,7.96,scale_down
13.06,8.84,5.0,24.36,Azure,us-west-2,t3.micro,2,1,0.0116,180.94,510.51,5.8054,10.95,scale_down
90.16,73.11,1335.91,788.73,Azure,eu-west-1,c5.2xlarge,8,16,0.34,269.13,290.92,6.593,81.64,scale_up
37.49,51.15,336.05,124.51,AWS,eu-west-1,t3.micro,2,1,0.0116,22.36,84.14,0.2313,44.32,no_action
94.16,91.58,1381.71,683.74,AWS,eu-west-1,t3.micro,2,1,0.0116,38.26,513.77,6.7501,92.87,scale_up
59.11,49.77,348.11,186.05,Azure,us-east-1,t3.micro,2,1,0.0116,371.2,1414.81,4.467,54.44,no_action
48.57,60.57,333.02,67.75,GCP,ap-south-1,t3.large,2,8,0.0928,446.6,71.26,50.0282,54.57,no_action
10.07,0.1,95.96,29.61,AWS,ap-south-1,t3.medium,2,4,0.0464,410.66,1652.35,2.262,5.08,scale_down
59.65,54.93,297.84,102.82,AWS,us-east-1,t3.micro,2,1,0.0116,194.08,1091.75,3.9148,57.29,no_action
84.45,91.3,520.02,641.99,Azure,eu-west-1,t3.large,2,8,0.0928,170.59,27.58,12.7958,87.88,scale_up
54.48,45.67,224.02,112.89,AWS,us-east-1,c5.2xlarge,8,16,0.34,174.99,925.1,47.2744,50.08,no_action
29.29,27.06,12.74,41.19,AWS,ap-south-1,m5.xlarge,4,16,0.192,207.87,1981.69,65.3894,28.17,no_action
33.38,65.83,421.07,84.88,AWS,us-east-1,t3.micro,2,1,0.0116,389.5,1255.43,3.424,49.6,no_action
83.37,75.52,1180.14,334.02,AWS,us-west-2,t3.micro,2,1,0.0116,284.08,429.16,7.9254,79.44,scale_up
39.35,55.95,448.47,237.08,AWS,us-west-2,t3.micro,2,1,0.0116,435.03,1077.74,6.2825,47.65,no_action
66.05,45.89,184.87,277.81,AWS,us-east-1,t3.large,2,8,0.0928,466.9,1000.17,0.5262,55.97,no_action
67.72,51.01,183.33,181.17,Azure,eu-west-1,t3.medium,2,4,0.0464,279.77,1487.49,7.382,59.36,no_action
20.81,27.96,71.73,38.23,GCP,ap-south-1,c5.2xlarge,8,16,0.34,88.11,844.88,118.9166,24.39,no_action
92.19,84.11,958.81,890.19,GCP,ap-south-1,t3.micro,2,1,0.0116,199.26,730.97,2.6689,88.15,scale_up
72.06,47.28,315.53,161.53,Azure,ap-south-1,t3.micro,2,1,0.0116,284.59,946.31,0.4117,59.67,no_action
12.68,19.54,25.9,3.49,GCP,us-west-2,c5.2xlarge,8,16,0.34,209.67,928.94,63.0213,16.11,scale_down
93.71,83.11,1205.28,640.49,AWS,ap-south-1,c5.2xlarge,8,16,0.34,475.6,1199.61,3.9749,88.41,scale_up
13.18,8.94,45.59,3.56,Azure,ap-south-1,c5.2xlarge,8,16,0.34,400.35,494.17,177.6742,11.06,scale_down
95.28,96.36,571.45,319.48,GCP,us-west-2,t3.medium,2,4,0.0464,373.56,275.37,4.4834,95.82,scale_up
99.55,72.89,1089.21,675.88,GCP,eu-west-1,m5.xlarge,4,16,0.192,271.35,1327.75,16.2305,86.22,scale_up
97.45,77.28,853.14,870.11,AWS,us-west-2,t3.large,2,8,0.0928,291.35,737.89,63.4533,87.36,scale_up
69.95,57.75,257.85,143.12,AWS,us-west-2,t3.medium,2,4,0.0464,230.59,362.31,21.1977,63.85,no_action
18.32,10.93,20.99,38.81,AWS,us-west-2,t3.micro,2,1,0.0116,245.77,457.25,1.6394,14.62,scale_down
2.37,19.69,1.85,41.59,AWS,us-west-2,t3.large,2,8,0.0928,91.48,1035.84,17.5404,11.03,scale_down
8.55,22.57,3.06,14.17,GCP,us-west-2,t3.medium,2,4,0.0464,251.82,99.67,6.2528,15.56,no_action
6.81,23.86,63.08,29.38,AWS,us-east-1,c5.2xlarge,8,16,0.34,180.01,970.08,146.368,15.33,no_action
39.1,38.56,102.32,125.24,GCP,us-east-1,t3.micro,2,1,0.0116,375.71,1590.38,1.7003,38.83,no_action
46.23,56.77,353.04,108.07,AWS,eu-west-1,t3.medium,2,4,0.0464,449.25,1726.95,17.0302,51.5,no_action
3.92,5.2,34.09,20.42,AWS,ap-south-1,t3.micro,2,1,0.0116,177.61,1529.66,0.8202,4.56,scale_down
72.62,53.81,363.15,65.98,AWS,us-west-2,t3.medium,2,4,0.0464,87.17,608.9,18.041,63.22,no_action
3.54,25.0,70.56,28.87,AWS,eu-west-1,m5.xlarge,4,16,0.192,445.42,1403.61,28.0363,14.27,no_action
85.2,73.2,1316.62,693.1,GCP,us-west-2,m5.xlarge,4,16,0.192,256.07,692.6,25.6273,79.2,scale_up
76.5,98.85,1048.95,777.99,Azure,us-west-2,c5.2xlarge,8,16,0.34,26.66,1138.22,97.6864,87.67,scale_up
69.09,41.66,151.53,263.83,GCP,ap-south-1,m5.xlarge,4,16,0.192,295.77,1779.29,129.6572,55.38,no_action
3.13,13.48,28.71,5.23,AWS,us-east-1,t3.medium,2,4,0.0464,382.93,1026.48,18.6211,8.31,scale_down
87.66,72.57,1469.53,323.21,AWS,ap-south-1,t3.medium,2,4,0.0464,377.98,1054.95,12.3442,80.12,scale_up
29.71,22.33,73.96,12.38,GCP,ap-south-1,t3.medium,2,4,0.0464,417.6,816.15,32.1401,26.02,no_action
84.68,88.01,1013.65,716.73,Azure,us-west-2,c5.2xlarge,8,16,0.34,32.46,576.24,200.6091,86.34,scale_up
95.86,80.82,1112.21,391.73,AWS,us-east-1,t3.medium,2,4,0.0464,37.75,439.72,4.3118,88.34,scale_up
54.22,61.69,297.9,124.99,Azure,ap-south-1,t3.micro,2,1,0.0116,84.39,1298.7,7.7634,57.95,no_action
91.28,76.07,1390.12,815.43,Azure,eu-west-1,c5.2xlarge,8,16,0.34,42.98,221.71,121.3896,83.68,scale_up
17.85,9.74,2.54,37.51,GCP,eu-west-1,t3.medium,2,4,0.0464,111.3,1670.6,14.068,13.8,scale_down
11.15,6.27,77.51,21.65,Azure,ap-south-1,t3.large,2,8,0.0928,100.06,1809.81,13.3109,8.71,scale_down
83.09,98.98,1411.77,869.5,AWS,us-west-2,t3.medium,2,4,0.0464,413.75,709.78,30.2679,91.04,scale_up
94.29,76.7,580.85,824.96,Azure,eu-west-1,t3.large,2,8,0.0928,430.08,813.11,46.9589,85.5,scale_up
63.49,65.88,470.46,144.71,GCP,us-west-2,t3.medium,2,4,0.0464,90.91,1826.55,3.1342,64.68,no_action
72.6,39.86,367.34,235.04,GCP,us-west-2,m5.xlarge,4,16,0.192,226.82,1875.68,101.886,56.23,no_action
93.97,86.83,800.23,540.14,GCP,us-west-2,m5.xlarge,4,16,0.192,346.49,1813.13,18.2385,90.4,scale_up
59.72,54.59,439.69,170.07,AWS,us-east-1,t3.medium,2,4,0.0464,435.85,725.3,30.9628,57.15,no_action
53.99,35.52,336.5,128.7,Azure,eu-west-1,c5.2xlarge,8,16,0.34,30.91,1897.83,157.1587,44.75,no_action
2.76,7.22,87.72,19.76,GCP,eu-west-1,t3.large,2,8,0.0928,235.82,1722.7,34.9105,4.99,scale_down
21.08,1.26,90.69,24.22,GCP,us-east-1,c5.2xlarge,8,16,0.34,232.86,1137.27,36.8585,11.17,no_action
14.68,5.73,1.57,20.9,AWS,us-west-2,t3.micro,2,1,0.0116,47.39,197.4,2.2412,10.2,scale_down
61.3,66.97,384.96,142.09,Azure,us-west-2,m5.xlarge,4,16,0.192,357.95,90.15,53.5359,64.14,no_action
91.37,94.07,1488.2,507.82,GCP,us-east-1,t3.micro,2,1,0.0116,301.69,1874.92,1.4048,92.72,scale_up
96.53,94.39,533.4,354.65,Azure,eu-west-1,t3.micro,2,1,0.0116,29.32,676.14,4.2593,95.46,scale_up
73.47,68.54,277.49,248.77,AWS,ap-south-1,t3.large,2,8,0.0928,11.57,1100.15,49.6881,71.01,no_action
9.89,11.45,61.8,35.92,Azure,eu-west-1,c5.2xlarge,8,16,0.34,199.05,1810.81,137.2386,10.67,scale_down
63.37,59.38,288.24,102.85,Azure,ap-south-1,m5.xlarge,4,16,0.192,270.63,1916.38,81.4368,61.38,no_action
8.18,26.25,76.66,18.11,GCP,eu-west-1,c5.2xlarge,8,16,0.34,368.39,217.11,193.3005,17.21,no_action
58.87,38.38,112.16,158.41,GCP,us-west-2,t3.large,2,8,0.0928,286.91,1754.44,62.0264,48.63,no_action
6.14,11.13,63.42,0.91,AWS,ap-south-1,c5.2xlarge,8,16,0.34,362.62,1672.72,97.9142,8.64,scale_down
68.98,59.7,479.59,285.03,GCP,us-west-2,t3.medium,2,4,0.0464,194.25,899.5,8.5865,64.34,no_action
28.26,6.49,77.15,1.01,GCP,eu-west-1,t3.medium,2,4,0.0464,337.03,943.87,11.6149,17.37,no_action
46.55,46.63,432.82,127.46,AWS,ap-south-1,t3.micro,2,1,0.0116,471.81,367.47,5.539,46.59,no_action
0.36,14.96,35.0,29.02,Azure,eu-west-1,t3.micro,2,1,0.0116,116.6,139.15,5.2321,7.66,scale_down
28.31,20.8,94.04,27.73,Azure,us-east-1,t3.medium,2,4,0.0464,302.11,1954.17,21.4689,24.56,no_action
55.61,45.3,230.33,109.4,Azure,us-east-1,t3.large,2,8,0.0928,270.05,1838.62,45.8451,50.46,no_action
80.17,88.65,628.23,459.11,GCP,us-west-2,t3.medium,2,4,0.0464,418.45,660.91,16.3289,84.41,scale_up
63.99,66.07,466.19,244.16,AWS,us-east-1,t3.medium,2,4,0.0464,118.02,59.37,12.8497,65.03,no_action
95.87,78.82,556.9,331.5,GCP,us-west-2,c5.2xlarge,8,16,0.34,216.57,1864.33,70.2361,87.34,scale_up
27.46,12.4,42.36,35.13,GCP,us-west-2,c5.2xlarge,8,16,0.34,471.67,541.45,107.9377,19.93,no_action
67.56,52.34,112.44,165.35,Azure,us-east-1,t3.medium,2,4,0.0464,234.07,1092.16,22.4307,59.95,no_action
45.45,56.73,191.27,129.34,GCP,us-east-1,t3.large,2,8,0.0928,481.56,702.66,23.2124,51.09,no_action
17.39,0.03,90.07,28.51,Azure,eu-west-1,t3.micro,2,1,0.0116,186.17,1660.1,3.3464,8.71,scale_down
49.72,59.07,457.96,218.55,AWS,eu-west-1,t3.large,2,8,0.0928,106.21,1866.04,17.7406,54.4,no_action
35.12,35.55,220.01,120.41,GCP,ap-south-1,c5.2xlarge,8,16,0.34,304.1,1635.32,186.4595,35.34,no_action
0.25,26.39,19.97,47.36,Azure,us-west-2,t3.medium,2,4,0.0464,174.44,886.3,23.6371,13.32,no_action
62.88,31.69,104.48,164.52,AWS,us-west-2,c5.2xlarge,8,16,0.34,70.26,1332.05,52.6673,47.29,no_action
93.11,89.35,782.37,477.36,GCP,ap-south-1,m5.xlarge,4,16,0.192,472.78,1975.47,65.5487,91.23,scale_up
23.39,18.06,45.5,17.81,GCP,eu-west-1,c5.2xlarge,8,16,0.34,473.81,1209.79,141.9001,20.73,no_action
9.41,13.28,11.46,41.85,AWS,us-east-1,c5.2xlarge,8,16,0.34,18.68,1669.64,34.6341,11.34,scale_down
89.15,79.38,678.23,815.51,AWS,us-east-1,c5.2xlarge,8,16,0.34,204.74,803.1,41.8705,84.26,scale_up
35.19,47.52,436.99,199.16,Azure,ap-south-1,m5.xlarge,4,16,0.192,363.61,378.68,133.3169,41.36,no_action
78.18,93.46,1467.97,492.03,Azure,ap-south-1,t3.large,2,8,0.0928,23.4,728.12,1.2583,85.82,scale_up
93.23,82.59,1481.38,509.69,GCP,eu-west-1,t3.large,2,8,0.0928,461.26,1866.6,16.23,87.91,scale_up
81.82,75.72,1382.98,724.81,AWS,us-west-2,t3.medium,2,4,0.0464,434.89,773.09,10.5024,78.77,scale_up
42.7,49.26,117.76,254.38,GCP,us-west-2,t3.medium,2,4,0.0464,495.0,819.69,0.4122,45.98,no_action
13.35,19.02,12.67,36.65,GCP,eu-west-1,m5.xlarge,4,16,0.192,138.26,902.74,122.1068,16.19,scale_down
96.19,88.89,988.71,833.98,AWS,us-west-2,t3.medium,2,4,0.0464,423.44,600.92,26.4517,92.54,scale_up
92.08,87.42,1094.55,474.52,AWS,us-east-1,t3.micro,2,1,0.0116,136.92,1527.44,2.1535,89.75,scale_up
89.86,87.68,1184.23,521.96,GCP,us-west-2,t3.large,2,8,0.0928,227.24,666.64,54.0164,88.77,scale_up
15.23,14.88,93.04,44.5,GCP,us-east-1,c5.2xlarge,8,16,0.34,393.97,599.55,133.5728,15.05,scale_down
54.94,58.21,266.99,239.52,Azure,eu-west-1,t3.medium,2,4,0.0464,199.65,1654.46,8.9638,56.58,no_action
3.02,12.71,30.71,45.25,AWS,ap-south-1,t3.micro,2,1,0.0116,435.32,483.02,0.6887,7.87,scale_down
31.45,35.34,374.55,103.09,AWS,ap-south-1,t3.micro,2,1,0.0116,429.51,126.6,1.8088,33.39,no_action
40.03,46.29,495.2,245.89,AWS,eu-west-1,c5.2xlarge,8,16,0.34,289.67,239.18,102.4782,43.16,no_action
85.07,80.3,900.9,756.67,Azure,ap-south-1,c5.2xlarge,8,16,0.34,243.86,1881.23,72.1321,82.69,scale_up
83.69,98.95,989.71,366.98,AWS,ap-south-1,t3.medium,2,4,0.0464,232.01,1397.02,33.3262,91.32,scale_up
10.66,3.28,94.89,24.42,Azure,ap-south-1,m5.xlarge,4,16,0.192,253.88,1246.19,0.6802,6.97,scale_down
63.3,55.11,250.26,85.26,GCP,eu-west-1,t3.medium,2,4,0.0464,356.12,1710.58,22.9276,59.2,no_action
11.04,10.1,25.24,28.83,Azure,us-west-2,c5.2xlarge,8,16,0.34,482.1,408.13,23.6254,10.57,scale_down
68.31,66.25,302.55,198.53,GCP,us-east-1,c5.2xlarge,8,16,0.34,355.53,1667.19,30.0446,67.28,no_action
43.57,54.51,117.2,80.44,GCP,eu-west-1,t3.medium,2,4,0.0464,433.27,1136.96,23.8017,49.04,no_action
57.31,52.59,444.37,255.41,AWS,ap-south-1,t3.micro,2,1,0.0116,65.53,1698.69,3.4651,54.95,no_action
76.16,73.33,843.71,656.32,AWS,us-west-2,t3.large,2,8,0.0928,98.13,1777.14,54.0307,74.75,no_action
97.61,73.83,1447.94,643.13,Azure,eu-west-1,t3.micro,2,1,0.0116,156.25,996.09,4.1954,85.72,scale_up
19.19,19.91,41.42,2.23,Azure,eu-west-1,t3.medium,2,4,0.0464,393.3,1360.64,15.8199,19.55,scale_down
66.53,60.36,206.32,87.77,GCP,ap-south-1,c5.2xlarge,8,16,0.34,351.85,522.74,225.8973,63.44,no_action
11.33,23.66,35.14,8.36,Azure,eu-west-1,t3.micro,2,1,0.0116,21.53,777.58,7.5476,17.49,no_action
0.75,23.57,32.14,1.87,AWS,us-west-2,t3.medium,2,4,0.0464,459.31,287.89,18.4546,12.16,no_action
76.78,92.82,985.57,505.74,Azure,us-west-2,t3.micro,2,1,0.0116,212.09,1858.6,7.6076,84.8,scale_up
96.41,90.83,1268.09,801.59,GCP,us-east-1,t3.large,2,8,0.0928,65.74,1646.68,33.7642,93.62,scale_up
84.57,85.79,1178.36,471.71,GCP,ap-south-1,t3.large,2,8,0.0928,129.81,768.72,33.517,85.18,scale_up
32.45,36.74,282.37,253.46,AWS,ap-south-1,t3.medium,2,4,0.0464,193.44,1081.61,29.7984,34.59,no_action
10.66,17.23,83.31,34.41,AWS,us-west-2,t3.medium,2,4,0.0464,15.48,680.04,4.8663,13.94,scale_down
48.72,36.89,146.34,194.68,AWS,us-east-1,t3.micro,2,1,0.0116,185.32,169.83,7.4094,42.81,no_action
95.32,73.55,1256.07,358.87,GCP,ap-south-1,t3.micro,2,1,0.0116,226.22,1470.67,1.4563,84.44,scale_up
83.37,83.93,1427.17,840.83,GCP,ap-south-1,c5.2xlarge,8,16,0.34,49.49,272.54,121.4722,83.65,scale_up
90.9,98.48,1496.73,525.14,Azure,eu-west-1,t3.medium,2,4,0.0464,301.51,1713.97,3.9651,94.69,scale_up
91.3,74.04,1018.62,760.84,Azure,us-east-1,t3.medium,2,4,0.0464,86.33,1508.99,25.4277,82.67,scale_up
48.47,37.7,398.05,81.76,GCP,ap-south-1,m5.xlarge,4,16,0.192,56.42,1423.19,29.0215,43.09,no_action
24.16,8.23,87.89,41.67,AWS,us-east-1,c5.2xlarge,8,16,0.34,464.92,922.74,188.2259,16.2,no_action
24.42,4.94,0.56,2.14,AWS,us-west-2,t3.micro,2,1,0.0116,125.81,237.44,4.4599,14.68,no_action
72.11,64.71,233.06,71.16,AWS,us-east-1,c5.2xlarge,8,16,0.34,472.41,1039.4,18.5272,68.41,no_action
85.79,89.02,756.99,331.31,AWS,eu-west-1,t3.large,2,8,0.0928,10.07,54.1,0.6499,87.41,scale_up
99.67,79.18,627.42,627.34,GCP,us-west-2,t3.medium,2,4,0.0464,429.69,1359.34,9.9242,89.43,scale_up
21.37,2.84,73.21,36.97,AWS,ap-south-1,t3.micro,2,1,0.0116,331.57,464.59,3.5399,12.1,no_action
5.49,14.11,87.2,11.25,AWS,ap-south-1,t3.micro,2,1,0.0116,241.01,273.84,3.3067,9.8,scale_down
74.69,69.79,145.91,231.49,GCP,ap-south-1,t3.micro,2,1,0.0116,30.61,70.08,0.8901,72.24,no_action
13.02,16.75,81.65,11.1,Azure,eu-west-1,t3.large,2,8,0.0928,174.72,1548.88,38.1556,14.89,scale_down
65.55,62.72,216.19,134.93,GCP,eu-west-1,c5.2xlarge,8,16,0.34,468.3,337.83,10.6441,64.13,no_action
74.96,63.56,395.88,267.68,GCP,us-west-2,t3.medium,2,4,0.0464,318.85,1688.87,8.758,69.26,no_action
53.7,44.46,350.42,57.64,AWS,us-west-2,t3.medium,2,4,0.0464,485.1,1850.17,31.2485,49.08,no_action
35.4,51.28,242.72,248.05,GCP,ap-south-1,c5.2xlarge,8,16,0.34,380.27,1822.12,3.9654,43.34,no_action
18.06,23.57,72.66,35.07,AWS,ap-south-1,c5.2xlarge,8,16,0.34,359.6,914.28,116.2532,20.81,no_action
24.09,12.8,63.49,42.81,AWS,eu-west-1,t3.medium,2,4,0.0464,247.85,441.21,5.7086,18.45,no_action
28.76,13.26,64.45,29.99,AWS,eu-west-1,t3.large,2,8,0.0928,178.27,893.69,4.3847,21.01,no_action
76.68,96.87,1191.82,372.97,AWS,us-east-1,t3.micro,2,1,0.0116,37.2,1950.0,5.6929,86.77,scale_up
29.87,21.91,22.75,5.09,GCP,eu-west-1,m5.xlarge,4,16,0.192,210.31,1714.58,99.8439,25.89,no_action
77.87,71.44,1067.08,445.73,GCP,us-west-2,c5.2xlarge,8,16,0.34,368.52,1375.64,78.1054,74.65,no_action
13.51,9.71,85.67,29.68,GCP,us-west-2,m5.xlarge,4,16,0.192,261.41,1489.32,112.7816,11.61,scale_down
94.81,82.48,593.43,590.61,GCP,eu-west-1,c5.2xlarge,8,16,0.34,49.96,266.59,58.915,88.64,scale_up
37.8,33.94,230.93,84.03,GCP,ap-south-1,c5.2xlarge,8,16,0.34,82.4,1370.93,5.1637,35.87,no_action
9.88,2.64,70.5,18.01,AWS,us-west-2,t3.large,2,8,0.0928,27.5,324.08,9.2482,6.26,scale_down
16.4,12.66,61.87,22.19,Azure,ap-south-1,t3.micro,2,1,0.0116,126.82,1361.6,7.2948,14.53,scale_down
48.06,31.13,378.11,251.88,Azure,eu-west-1,t3.micro,2,1,0.0116,333.46,311.21,0.8731,39.6,no_action
73.55,58.96,264.72,54.77,GCP,us-east-1,t3.large,2,8,0.0928,21.88,1372.76,55.9894,66.25,no_action
0.14,26.21,30.73,46.93,AWS,us-west-2,t3.medium,2,4,0.0464,161.89,1312.07,2.7164,13.17,no_action
77.66,73.82,1404.38,615.51,AWS,eu-west-1,c5.2xlarge,8,16,0.34,396.83,239.43,227.1115,75.74,no_action
90.61,72.18,1336.71,404.73,GCP,ap-south-1,t3.medium,2,4,0.0464,40.05,806.44,19.2934,81.39,scale_up
32.72,59.96,326.07,161.97,AWS,ap-south-1,c5.2xlarge,8,16,0.34,158.09,1009.77,83.1336,46.34,no_action
16.31,7.15,85.11,27.86,Azure,us-east-1,t3.micro,2,1,0.0116,107.39,1250.78,2.9951,11.73,scale_down
2.87,11.88,98.32,40.42,Azure,us-west-2,t3.large,2,8,0.0928,84.17,562.75,22.0992,7.37,scale_down
66.49,47.48,149.55,191.11,AWS,us-west-2,t3.medium,2,4,0.0464,476.39,1588.06,19.3528,56.99,no_action
91.86,82.04,1061.52,682.17,Azure,eu-west-1,t3.micro,2,1,0.0116,486.38,145.85,3.4972,86.95,scale_up
21.72,19.86,44.12,33.56,AWS,eu-west-1,t3.large,2,8,0.0928,21.03,1176.61,37.0425,20.79,no_action
90.69,86.99,1112.15,629.55,GCP,eu-west-1,t3.medium,2,4,0.0464,140.15,496.57,4.6189,88.84,scale_up
79.43,96.19,1242.73,695.64,GCP,us-east-1,t3.large,2,8,0.0928,206.4,531.33,65.4449,87.81,scale_up
22.77,8.91,42.66,9.3,Azure,eu-west-1,t3.medium,2,4,0.0464,59.97,1448.3,8.971,15.84,no_action
63.88,46.98,434.93,269.41,GCP,us-east-1,t3.micro,2,1,0.0116,153.37,1648.67,1.2982,55.43,no_action
99.73,90.11,963.51,668.03,Azure,ap-south-1,t3.medium,2,4,0.0464,139.9,555.61,3.8348,94.92,scale_up
75.89,94.14,1115.51,360.53,GCP,eu-west-1,t3.large,2,8,0.0928,295.74,909.84,51.7733,85.01,scale_up
31.27,30.6,151.76,112.92,AWS,eu-west-1,c5.2xlarge,8,16,0.34,217.63,980.01,34.0822,30.93,no_action
76.94,81.75,653.97,526.09,AWS,ap-south-1,t3.large,2,8,0.0928,315.95,1099.0,15.5176,79.35,scale_up
22.6,16.6,36.23,18.25,AWS,ap-south-1,c5.2xlarge,8,16,0.34,440.31,88.09,241.8622,19.6,no_action
47.64,50.54,423.83,188.41,Azure,us-east-1,t3.medium,2,4,0.0464,424.09,1041.92,20.1917,49.09,no_action
21.09,18.42,51.03,21.69,AWS,eu-west-1,c5.2xlarge,8,16,0.34,298.67,474.46,230.4402,19.75,no_action
27.4,25.42,47.95,46.2,AWS,ap-south-1,t3.micro,2,1,0.0116,484.89,1010.11,1.4764,26.41,no_action
25.85,28.01,89.4,38.81,AWS,ap-south-1,c5.2xlarge,8,16,0.34,360.55,536.89,152.2328,26.93,no_action
49.93,49.65,372.99,75.39,Azure,ap-south-1,t3.large,2,8,0.0928,167.53,159.79,4.9877,49.79,no_action
47.06,48.62,286.65,114.25,AWS,us-west-2,t3.medium,2,4,0.0464,425.85,717.53,7.7058,47.84,no_action
75.82,88.15,1119.15,617.75,AWS,us-west-2,t3.large,2,8,0.0928,382.33,87.91,62.5439,81.99,scale_up
15.32,2.47,61.67,0.46,AWS,ap-south-1,t3.micro,2,1,0.0116,389.13,1304.66,1.785,8.9,scale_down
17.87,9.44,56.11,26.68,AWS,us-west-2,c5.2xlarge,8,16,0.34,412.61,1963.64,100.8235,13.66,scale_down
13.39,2.06,16.86,39.56,Azure,eu-west-1,t3.medium,2,4,0.0464,325.94,1143.95,5.6385,7.72,scale_down
9.89,11.72,74.08,30.07,AWS,eu-west-1,t3.micro,2,1,0.0116,337.46,784.44,4.0802,10.81,scale_down
94.13,92.92,792.45,348.83,GCP,ap-south-1,t3.large,2,8,0.0928,10.66,860.63,27.4718,93.52,scale_up
97.28,84.73,1099.18,357.4,GCP,us-west-2,c5.2xlarge,8,16,0.34,194.54,1889.01,144.4505,91.01,scale_up
26.66,9.84,42.29,33.47,GCP,eu-west-1,t3.large,2,8,0.0928,13.49,1642.11,58.7957,18.25,no_action
38.47,30.33,488.02,157.93,Azure,us-east-1,c5.2xlarge,8,16,0.34,484.83,289.24,143.9277,34.4,no_action
97.8,75.84,1112.98,891.38,GCP,eu-west-1,m5.xlarge,4,16,0.192,441.79,1913.56,47.4871,86.82,scale_up
61.18,38.0,489.31,137.5,AWS,eu-west-1,m5.xlarge,4,16,0.192,423.7,1891.28,119.564,49.59,no_action
75.14,71.55,1416.15,845.08,AWS,ap-south-1,t3.medium,2,4,0.0464,116.78,1098.65,31.9077,73.35,no_action
65.56,49.09,413.31,157.92,GCP,eu-west-1,m5.xlarge,4,16,0.192,129.74,659.68,10.9354,57.33,no_action
10.66,8.45,84.09,2.51,Azure,us-west-2,m5.xlarge,4,16,0.192,201.32,746.31,39.5081,9.56,scale_down
92.87,85.82,1400.87,487.77,Azure,us-west-2,t3.micro,2,1,0.0116,289.21,1006.5,4.0947,89.34,scale_up
73.13,40.43,373.1,285.18,AWS,us-east-1,t3.micro,2,1,0.0116,333.41,1743.83,6.9131,56.78,no_action
88.39,76.91,1243.74,616.84,Azure,ap-south-1,c5.2xlarge,8,16,0.34,208.56,544.91,244.4818,82.65,scale_up
60.85,34.82,149.12,191.33,Azure,eu-west-1,m5.xlarge,4,16,0.192,138.7,790.87,55.5145,47.83,no_action
89.33,93.43,866.67,886.74,Azure,ap-south-1,t3.micro,2,1,0.0116,220.04,309.39,3.8979,91.38,scale_up
55.04,50.7,443.51,212.95,GCP,us-east-1,t3.large,2,8,0.0928,98.44,135.4,28.4077,52.87,no_action
14.5,9.95,18.15,12.22,Azure,ap-south-1,t3.micro,2,1,0.0116,417.26,1232.68,7.6284,12.23,scale_down
89.42,94.79,542.52,551.85,Azure,ap-south-1,t3.micro,2,1,0.0116,233.22,1584.23,3.9142,92.1,scale_up
36.74,39.05,287.43,156.22,AWS,us-west-2,m5.xlarge,4,16,0.192,148.0,352.71,105.4164,37.89,no_action
80.44,74.1,1051.33,663.24,GCP,eu-west-1,t3.large,2,8,0.0928,354.22,1363.62,19.5982,77.27,scale_up
48.04,47.23,122.97,163.73,AWS,eu-west-1,t3.medium,2,4,0.0464,398.75,782.09,12.8433,47.64,no_action
52.81,63.6,332.71,130.86,Azure,ap-south-1,t3.medium,2,4,0.0464,260.53,1402.42,3.1812,58.2,no_action
54.39,60.62,436.03,251.68,GCP,us-east-1,m5.xlarge,4,16,0.192,13.19,381.75,90.6004,57.51,no_action
96.6,79.64,1489.56,394.61,AWS,us-west-2,t3.large,2,8,0.0928,260.59,1587.76,28.9601,88.12,scale_up
57.18,32.18,436.88,212.04,GCP,us-east-1,c5.2xlarge,8,16,0.34,204.99,42.18,144.9794,44.68,no_action
79.8,89.6,553.7,488.04,Azure,us-west-2,c5.2xlarge,8,16,0.34,78.97,1164.55,162.1151,84.7,scale_up
76.97,82.78,1445.84,430.64,Azure,ap-south-1,c5.2xlarge,8,16,0.34,132.09,210.77,148.3777,79.88,scale_up
93.34,82.53,1025.36,368.81,AWS,ap-south-1,t3.micro,2,1,0.0116,495.9,611.91,5.3077,87.94,scale_up
17.58,23.36,24.87,33.91,AWS,us-east-1,c5.2xlarge,8,16,0.34,451.59,777.61,190.7998,20.47,no_action
3.93,19.79,54.76,24.73,GCP,us-east-1,t3.medium,2,4,0.0464,158.9,1012.43,5.4434,11.86,scale_down
47.45,34.04,420.77,278.77,AWS,us-east-1,t3.large,2,8,0.0928,379.51,1646.62,14.5377,40.75,no_action
60.01,39.35,295.86,147.72,GCP,ap-south-1,c5.2xlarge,8,16,0.34,49.41,1254.86,121.4003,49.68,no_action
55.91,45.4,150.62,146.41,AWS,ap-south-1,m5.xlarge,4,16,0.192,267.51,1201.68,129.3775,50.65,no_action
77.51,92.15,1206.12,891.82,Azure,eu-west-1,m5.xlarge,4,16,0.192,263.4,1654.57,79.7684,84.83,scale_up
62.53,46.79,138.63,60.0,GCP,us-west-2,t3.micro,2,1,0.0116,242.12,1202.59,0.6692,54.66,no_action
42.53,33.83,165.94,93.49,GCP,eu-west-1,t3.large,2,8,0.0928,422.13,575.8,47.7793,38.18,no_action
64.38,69.68,238.16,152.76,GCP,us-west-2,t3.micro,2,1,0.0116,86.98,416.11,5.7948,67.03,no_action
86.38,78.72,733.58,741.59,AWS,eu-west-1,t3.medium,2,4,0.0464,8.88,1083.07,26.5277,82.55,scale_up
13.05,16.06,93.18,5.37,Azure,us-west-2,t3.large,2,8,0.0928,431.84,327.02,32.3776,14.56,scale_down
47.1,64.53,363.93,230.3,GCP,ap-south-1,c5.2xlarge,8,16,0.34,79.58,1767.5,41.1746,55.82,no_action
69.95,40.1,249.5,261.52,Azure,ap-south-1,c5.2xlarge,8,16,0.34,310.82,1505.72,52.6545,55.02,no_action
15.45,24.42,72.22,30.75,Azure,us-west-2,m5.xlarge,4,16,0.192,79.64,1673.54,129.3919,19.93,no_action
93.8,71.37,702.02,775.18,Azure,us-east-1,t3.large,2,8,0.0928,372.67,957.89,3.4278,82.59,scale_up
79.19,89.86,1050.43,373.25,GCP,ap-south-1,m5.xlarge,4,16,0.192,60.79,153.9,102.8676,84.52,scale_up
97.59,97.21,1198.23,855.71,AWS,us-east-1,t3.medium,2,4,0.0464,406.67,1658.79,19.0528,97.4,scale_up
58.28,36.91,203.46,167.02,Azure,ap-south-1,t3.medium,2,4,0.0464,120.36,1181.4,30.845,47.59,no_action
89.08,92.89,867.07,627.14,Azure,ap-south-1,t3.large,2,8,0.0928,260.6,198.59,21.5502,90.98,scale_up
78.43,75.2,554.41,693.99,AWS,eu-west-1,m5.xlarge,4,16,0.192,419.32,752.9,120.9255,76.81,no_action
8.96,16.29,43.34,13.83,AWS,us-east-1,t3.medium,2,4,0.0464,487.47,524.92,10.3649,12.62,scale_down
57.59,62.82,237.17,98.41,Azure,eu-west-1,t3.medium,2,4,0.0464,103.21,1467.91,20.5343,60.2,no_action
4.09,7.51,54.27,39.95,GCP,us-west-2,c5.2xlarge,8,16,0.34,22.95,1968.2,111.5465,5.8,scale_down
4.87,18.02,49.12,9.72,GCP,us-west-2,m5.xlarge,4,16,0.192,376.25,558.26,52.8863,11.45,scale_down
32.61,57.85,121.13,254.27,Azure,us-west-2,m5.xlarge,4,16,0.192,413.35,481.78,44.873,45.23,no_action
89.81,78.93,555.49,301.52,GCP,us-east-1,t3.large,2,8,0.0928,55.07,1586.58,64.2426,84.37,scale_up
57.63,38.54,216.58,263.64,GCP,eu-west-1,t3.micro,2,1,0.0116,499.51,643.16,1.2531,48.08,no_action
83.81,75.21,873.3,550.51,GCP,ap-south-1,m5.xlarge,4,16,0.192,153.79,1316.68,127.0377,79.51,scale_up
53.53,39.59,456.75,292.79,Azure,eu-west-1,t3.medium,2,4,0.0464,394.22,1090.12,31.9667,46.56,no_action
52.14,62.1,368.16,81.66,Azure,us-west-2,c5.2xlarge,8,16,0.34,176.49,684.76,138.6144,57.12,no_action
68.3,67.26,489.03,245.28,GCP,eu-west-1,t3.large,2,8,0.0928,74.15,1707.69,26.7794,67.78,no_action
59.93,58.51,452.8,142.79,Azure,us-east-1,c5.2xlarge,8,16,0.34,42.3,1917.11,106.683,59.22,no_action
43.32,50.06,446.64,248.68,AWS,eu-west-1,t3.micro,2,1,0.0116,481.56,153.05,2.2495,46.69,no_action
23.51,19.8,51.76,8.37,Azure,us-west-2,t3.micro,2,1,0.0116,489.34,756.33,0.9034,21.65,no_action
45.0,43.54,178.64,265.17,AWS,ap-south-1,t3.medium,2,4,0.0464,77.58,1818.14,9.5033,44.27,no_action
60.13,43.03,329.69,123.1,GCP,us-east-1,t3.micro,2,1,0.0116,204.13,1531.68,2.0461,51.58,no_action
72.39,57.25,358.24,227.9,Azure,eu-west-1,t3.large,2,8,0.0928,459.47,504.54,41.0102,64.82,no_action
55.42,65.26,416.45,188.33,Azure,eu-west-1,t3.large,2,8,0.0928,41.57,578.95,24.5608,60.34,no_action
82.13,78.48,1173.42,311.01,GCP,ap-south-1,c5.2xlarge,8,16,0.34,379.06,538.03,76.1279,80.31,scale_up
38.52,54.13,112.53,79.71,GCP,ap-south-1,c5.2xlarge,8,16,0.34,159.39,893.04,29.8132,46.33,no_action
74.92,30.14,111.05,255.96,GCP,eu-west-1,t3.micro,2,1,0.0116,103.73,130.93,1.9895,52.53,no_action
28.37,3.41,86.81,6.45,GCP,us-east-1,t3.large,2,8,0.0928,318.3,1442.96,10.8255,15.89,no_action
93.2,75.51,1011.49,355.96,AWS,ap-south-1,c5.2xlarge,8,16,0.34,460.84,694.48,222.342,84.35,scale_up
82.77,93.35,1043.21,799.4,GCP,us-east-1,m5.xlarge,4,16,0.192,60.24,1841.9,129.2547,88.06,scale_up
14.47,17.16,61.59,39.48,GCP,ap-south-1,t3.large,2,8,0.0928,406.93,395.91,15.882,15.81,scale_down
79.53,86.97,1137.3,743.65,Azure,us-east-1,t3.large,2,8,0.0928,94.62,1918.42,42.7115,83.25,scale_up
81.16,86.91,1311.68,747.92,Azure,ap-south-1,t3.large,2,8,0.0928,282.18,1266.47,16.2464,84.04,scale_up
3.38,20.39,26.03,23.78,GCP,ap-south-1,t3.large,2,8,0.0928,153.21,653.26,17.4671,11.88,no_action
13.68,16.42,54.33,48.79,AWS,ap-south-1,t3.large,2,8,0.0928,186.7,423.29,60.9305,15.05,scale_down
74.16,50.73,471.06,151.83,Azure,us-east-1,t3.micro,2,1,0.0116,499.43,1162.65,0.3641,62.45,no_action
95.52,78.27,1296.55,472.93,Azure,ap-south-1,m5.xlarge,4,16,0.192,101.19,1948.13,50.1164,86.9,scale_up
84.54,85.2,768.75,617.75,Azure,eu-west-1,t3.medium,2,4,0.0464,441.89,1889.43,3.4011,84.87,scale_up
19.61,25.18,94.45,13.65,Azure,eu-west-1,c5.2xlarge,8,16,0.34,88.98,973.14,171.9173,22.39,no_action
73.6,57.8,260.53,98.14,Azure,us-west-2,c5.2xlarge,8,16,0.34,181.26,347.98,26.3275,65.7,no_action
6.44,29.32,5.21,17.61,AWS,ap-south-1,c5.2xlarge,8,16,0.34,217.18,1650.16,187.6508,17.88,no_action
0.55,24.07,94.69,1.6,AWS,us-west-2,t3.micro,2,1,0.0116,27.56,695.58,0.7436,12.31,no_action
38.84,56.19,373.94,283.11,GCP,us-east-1,t3.micro,2,1,0.0116,77.66,1387.75,7.6133,47.52,no_action
96.67,81.83,1424.88,808.65,GCP,eu-west-1,t3.micro,2,1,0.0116,191.44,1152.09,0.2382,89.25,scale_up
28.13,0.13,88.54,3.32,Azure,us-east-1,c5.2xlarge,8,16,0.34,476.76,570.83,93.7322,14.13,no_action
28.33,18.32,71.59,38.1,Azure,ap-south-1,t3.large,2,8,0.0928,135.09,100.01,0.2178,23.33,no_action
53.86,40.56,357.11,225.85,GCP,us-west-2,t3.medium,2,4,0.0464,153.06,1519.27,6.9057,47.21,no_action
84.89,75.66,1061.63,715.69,AWS,ap-south-1,t3.micro,2,1,0.0116,268.4,874.13,3.2421,80.27,scale_up
22.72,12.58,29.73,23.53,GCP,us-east-1,t3.micro,2,1,0.0116,51.14,101.4,0.9424,17.65,no_action
33.02,46.86,257.74,296.62,AWS,us-east-1,t3.medium,2,4,0.0464,218.38,618.39,12.236,39.94,no_action
82.91,98.99,653.1,745.56,AWS,us-west-2,m5.xlarge,4,16,0.192,181.41,1167.75,13.9344,90.95,scale_up
88.55,76.59,1150.1,842.61,Azure,us-west-2,t3.micro,2,1,0.0116,47.32,441.07,7.0544,82.57,scale_up
39.44,37.96,476.26,240.39,GCP,us-west-2,m5.xlarge,4,16,0.192,349.63,485.47,16.5608,38.7,no_action
40.53,46.47,386.44,77.36,GCP,us-east-1,t3.medium,2,4,0.0464,138.88,102.81,14.4702,43.5,no_action
85.83,89.4,771.93,530.46,GCP,us-east-1,t3.medium,2,4,0.0464,368.4,1876.44,17.7029,87.61,scale_up
49.63,55.31,148.45,118.16,GCP,ap-south-1,t3.micro,2,1,0.0116,256.29,637.99,8.2776,52.47,no_action
81.64,72.84,846.86,321.94,Azure,us-west-2,t3.large,2,8,0.0928,97.27,1496.07,21.8091,77.24,scale_up
73.14,30.86,395.46,289.7,AWS,ap-south-1,t3.medium,2,4,0.0464,431.82,344.11,10.9496,52.0,no_action
68.26,67.29,340.49,85.86,Azure,ap-south-1,t3.micro,2,1,0.0116,451.23,357.15,2.9547,67.78,no_action
88.94,98.71,1379.06,542.71,GCP,ap-south-1,t3.micro,2,1,0.0116,149.3,476.47,4.453,93.82,scale_up
91.31,97.35,879.45,802.88,Azure,us-west-2,t3.large,2,8,0.0928,160.01,1144.51,43.3578,94.33,scale_up
58.52,51.64,470.91,282.98,AWS,ap-south-1,t3.micro,2,1,0.0116,258.8,618.46,3.8447,55.08,no_action
85.84,73.78,937.3,739.26,AWS,us-west-2,c5.2xlarge,8,16,0.34,343.28,568.12,165.048,79.81,scale_up
32.28,49.73,218.4,131.55,AWS,us-west-2,t3.medium,2,4,0.0464,480.65,373.56,10.43,41.0,no_action
63.47,64.25,224.01,148.19,AWS,us-east-1,t3.medium,2,4,0.0464,181.5,1667.38,1.5259,63.86,no_action
24.72,16.65,29.53,9.88,AWS,ap-south-1,t3.micro,2,1,0.0116,185.21,1337.27,3.7403,20.69,no_action
30.92,58.99,114.22,299.35,Azure,us-east-1,t3.large,2,8,0.0928,436.96,601.71,17.2681,44.95,no_action
0.96,26.88,65.21,36.88,AWS,ap-south-1,c5.2xlarge,8,16,0.34,6.29,1260.2,144.2013,13.92,no_action
68.57,39.31,422.39,94.83,GCP,eu-west-1,t3.medium,2,4,0.0464,407.49,1881.52,11.2457,53.94,no_action
12.94,13.38,30.86,30.37,GCP,ap-south-1,t3.medium,2,4,0.0464,96.66,1257.56,5.8446,13.16,scale_down
54.92,67.52,389.6,187.75,Azure,eu-west-1,t3.medium,2,4,0.0464,386.35,748.07,24.4159,61.22,no_action
46.44,48.82,206.62,136.22,Azure,eu-west-1,m5.xlarge,4,16,0.192,326.28,1766.8,25.6108,47.63,no_action
75.93,74.22,1417.3,575.66,AWS,us-west-2,t3.micro,2,1,0.0116,43.44,1919.86,7.3427,75.08,no_action
93.26,78.3,1214.68,530.38,AWS,eu-west-1,t3.large,2,8,0.0928,386.59,294.19,13.7697,85.78,scale_up
97.57,78.28,921.07,421.37,GCP,us-west-2,t3.micro,2,1,0.0116,197.07,988.38,2.4741,87.92,scale_up
6.21,11.31,0.81,37.93,AWS,eu-west-1,t3.micro,2,1,0.0116,314.81,1637.47,3.8116,8.76,scale_down
17.88,26.8,17.2,21.03,AWS,ap-south-1,t3.medium,2,4,0.0464,417.26,48.27,3.7896,22.34,no_action
31.24,32.59,393.55,130.47,AWS,ap-south-1,m5.xlarge,4,16,0.192,176.75,424.69,61.709,31.91,no_action
37.0,53.84,200.22,133.46,AWS,us-west-2,m5.xlarge,4,16,0.192,238.27,63.27,12.8838,45.42,no_action
94.84,71.03,1482.56,819.09,GCP,us-west-2,m5.xlarge,4,16,0.192,291.92,231.48,29.91,82.93,scale_up
68.52,36.7,206.21,161.36,GCP,ap-south-1,t3.large,2,8,0.0928,357.56,758.01,61.9941,52.61,no_action
6.78,19.69,16.42,2.8,AWS,eu-west-1,t3.medium,2,4,0.0464,64.9,1860.67,18.4537,13.24,scale_down
52.27,67.83,399.03,232.64,GCP,eu-west-1,t3.large,2,8,0.0928,27.94,1103.84,31.252,60.05,no_action
1.17,28.39,99.74,47.12,AWS,us-west-2,t3.large,2,8,0.0928,337.11,1405.45,8.2499,14.78,no_action
33.74,66.61,261.71,148.42,Azure,ap-south-1,m5.xlarge,4,16,0.192,154.86,926.72,34.9469,50.18,no_action
41.82,31.79,207.2,63.44,Azure,eu-west-1,t3.medium,2,4,0.0464,462.56,1326.82,29.6256,36.8,no_action
68.67,34.06,238.81,184.56,AWS,ap-south-1,m5.xlarge,4,16,0.192,406.59,440.72,111.0349,51.37,no_action
87.87,71.92,856.42,660.65,AWS,eu-west-1,c5.2xlarge,8,16,0.34,280.28,815.26,105.2251,79.89,scale_up
98.5,81.88,1218.35,667.36,Azure,ap-south-1,t3.medium,2,4,0.0464,146.37,1310.59,21.9171,90.19,scale_up
73.59,56.89,161.5,83.31,Azure,ap-south-1,m5.xlarge,4,16,0.192,106.11,1535.76,40.9682,65.24,no_action
75.24,77.11,735.03,553.2,GCP,us-east-1,t3.micro,2,1,0.0116,460.59,1759.58,3.8223,76.18,no_action
32.58,55.59,328.05,78.23,Azure,ap-south-1,t3.large,2,8,0.0928,454.91,405.91,49.7021,44.09,no_action
40.28,46.92,322.94,272.15,Azure,us-east-1,c5.2xlarge,8,16,0.34,166.4,275.78,119.9475,43.6,no_action
11.24,7.57,11.42,7.04,AWS,ap-south-1,m5.xlarge,4,16,0.192,427.51,1181.56,120.8058,9.41,scale_down
78.01,74.31,1161.03,696.86,Azure,ap-south-1,t3.medium,2,4,0.0464,424.72,1506.13,15.0488,76.16,no_action
34.7,48.16,297.1,145.33,AWS,us-east-1,t3.medium,2,4,0.0464,96.71,717.08,11.3079,41.43,no_action
50.23,39.67,100.57,189.99,GCP,us-east-1,t3.large,2,8,0.0928,297.37,1944.38,24.2118,44.95,no_action
68.38,38.8,172.1,53.9,GCP,ap-south-1,c5.2xlarge,8,16,0.34,109.24,1041.88,131.9839,53.59,no_action
25.85,4.92,2.6,4.5,Azure,us-east-1,t3.medium,2,4,0.0464,146.84,1944.8,18.6794,15.38,no_action
44.19,67.65,439.81,260.92,AWS,us-west-2,t3.medium,2,4,0.0464,258.58,1580.98,6.0299,55.92,no_action
14.71,1.19,76.3,8.43,Azure,ap-south-1,c5.2xlarge,8,16,0.34,317.58,180.47,231.8112,7.95,scale_down
64.01,32.92,446.07,157.55,AWS,eu-west-1,t3.micro,2,1,0.0116,292.74,1517.38,2.2306,48.47,no_action
0.03,26.83,31.1,15.57,Azure,ap-south-1,t3.micro,2,1,0.0116,117.9,640.86,1.7921,13.43,no_action
86.61,92.44,721.66,431.95,GCP,eu-west-1,m5.xlarge,4,16,0.192,473.88,1908.77,136.9238,89.53,scale_up
41.26,38.25,154.38,156.16,AWS,us-east-1,t3.micro,2,1,0.0116,72.09,837.47,1.2524,39.76,no_action
91.42,89.61,594.93,491.31,GCP,eu-west-1,t3.large,2,8,0.0928,496.44,1360.07,48.8058,90.52,scale_up
81.22,77.04,692.75,644.85,GCP,us-west-2,t3.large,2,8,0.0928,167.41,1642.49,12.3664,79.13,scale_up
4.25,11.27,28.21,43.04,AWS,eu-west-1,c5.2xlarge,8,16,0.34,246.74,63.43,173.409,7.76,scale_down
23.05,24.09,87.93,46.88,AWS,us-east-1,c5.2xlarge,8,16,0.34,205.73,1141.85,193.6246,23.57,no_action
81.39,78.91,1268.54,556.56,Azure,eu-west-1,t3.medium,2,4,0.0464,410.57,1571.86,31.0557,80.15,scale_up
81.32,88.87,1262.17,825.89,Azure,us-east-1,c5.2xlarge,8,16,0.34,426.81,1930.12,142.4654,85.09,scale_up
0.35,28.98,47.35,39.91,GCP,us-west-2,t3.medium,2,4,0.0464,67.97,797.92,9.1028,14.66,no_action
97.71,83.94,924.16,809.85,GCP,us-west-2,t3.large,2,8,0.0928,159.43,1636.76,8.2512,90.82,scale_up
79.39,77.42,1473.75,538.29,AWS,us-west-2,t3.large,2,8,0.0928,301.5,490.67,32.8178,78.4,no_action
47.94,35.48,375.04,298.23,GCP,ap-south-1,t3.large,2,8,0.0928,200.85,1252.87,64.3456,41.71,no_action
3.84,15.36,27.91,8.06,Azure,ap-south-1,t3.micro,2,1,0.0116,216.01,270.72,5.8414,9.6,scale_down
23.72,6.02,41.15,30.04,Azure,us-east-1,c5.2xlarge,8,16,0.34,84.35,429.1,69.4943,14.87,no_action
43.94,41.88,222.32,271.2,GCP,ap-south-1,t3.medium,2,4,0.0464,363.28,1342.75,26.6939,42.91,no_action
83.06,87.08,1017.84,692.68,Azure,ap-south-1,t3.medium,2,4,0.0464,266.12,465.71,6.7547,85.07,scale_up
72.8,49.42,286.48,213.65,GCP,eu-west-1,t3.large,2,8,0.0928,56.23,514.48,61.41,61.11,no_action
75.44,83.2,752.96,710.02,AWS,us-west-2,m5.xlarge,4,16,0.192,363.5,1791.85,105.2027,79.32,scale_up
99.08,73.69,754.88,788.18,Azure,eu-west-1,t3.large,2,8,0.0928,311.21,1677.92,34.5044,86.38,scale_up
96.4,76.92,1348.74,383.52,GCP,us-east-1,t3.large,2,8,0.0928,292.21,1777.33,31.6889,86.66,scale_up
47.06,67.37,185.21,75.94,GCP,ap-south-1,c5.2xlarge,8,16,0.34,174.99,1494.39,153.3909,57.21,no_action
93.62,70.72,1150.32,426.29,Azure,us-east-1,c5.2xlarge,8,16,0.34,349.74,626.46,213.7551,82.17,scale_up
68.77,36.03,211.54,73.37,AWS,ap-south-1,t3.large,2,8,0.0928,109.38,485.07,61.3202,52.4,no_action
29.93,22.6,97.08,39.36,Azure,ap-south-1,t3.medium,2,4,0.0464,481.79,1417.47,2.7074,26.27,no_action
52.79,44.44,413.39,293.68,AWS,us-east-1,c5.2xlarge,8,16,0.34,294.34,897.61,54.7994,48.62,no_action
31.21,65.96,235.24,236.04,GCP,eu-west-1,t3.large,2,8,0.0928,381.1,1304.6,26.4396,48.59,no_action
2.99,11.9,10.36,41.85,AWS,eu-west-1,t3.micro,2,1,0.0116,277.4,1385.0,5.7046,7.45,scale_down
89.83,75.68,861.24,817.21,AWS,us-east-1,t3.micro,2,1,0.0116,215.05,1832.23,4.1646,82.76,scale_up
91.3,84.61,1290.42,849.76,GCP,us-west-2,t3.medium,2,4,0.0464,197.24,1196.86,16.7504,87.95,scale_up
22.11,20.82,33.68,5.2,GCP,us-east-1,t3.large,2,8,0.0928,288.99,1156.74,63.6291,21.46,no_action
8.28,10.52,21.68,29.28,GCP,us-west-2,t3.medium,2,4,0.0464,177.31,1318.21,0.5684,9.4,scale_down
66.67,65.53,197.92,193.59,AWS,us-west-2,t3.large,2,8,0.0928,385.34,584.77,27.3831,66.1,no_action
49.44,52.08,433.29,250.59,GCP,us-east-1,t3.medium,2,4,0.0464,54.52,1868.65,3.73,50.76,no_action
91.34,81.53,1172.65,653.22,Azure,us-east-1,t3.micro,2,1,0.0116,115.63,1695.95,4.1146,86.43,scale_up
23.11,28.98,51.43,23.68,AWS,ap-south-1,t3.micro,2,1,0.0116,378.95,1761.78,8.053,26.05,no_action
88.2,78.26,1364.49,664.39,Azure,ap-south-1,t3.micro,2,1,0.0116,5.12,1612.89,2.7657,83.23,scale_up
55.33,37.49,420.25,293.04,Azure,ap-south-1,t3.micro,2,1,0.0116,111.31,381.95,3.8059,46.41,no_action
79.45,71.24,1309.24,631.02,AWS,ap-south-1,c5.2xlarge,8,16,0.34,161.79,261.43,118.6699,75.35,no_action
13.05,12.18,36.99,41.35,AWS,ap-south-1,t3.large,2,8,0.0928,82.38,694.19,48.4652,12.61,scale_down
38.37,42.11,294.42,155.51,GCP,eu-west-1,c5.2xlarge,8,16,0.34,57.48,1877.09,11.1678,40.24,no_action
99.65,70.95,1162.5,522.74,GCP,us-west-2,c5.2xlarge,8,16,0.34,324.78,718.93,165.0451,85.3,scale_up
87.35,92.68,1021.1,471.39,AWS,us-east-1,t3.medium,2,4,0.0464,127.96,1520.28,3.991,90.01,scale_up
16.83,6.73,51.02,26.04,Azure,us-west-2,m5.xlarge,4,16,0.192,297.25,129.57,134.4992,11.78,scale_down
12.28,5.09,75.66,41.62,Azure,eu-west-1,t3.micro,2,1,0.0116,440.89,1217.59,7.1904,8.69,scale_down
47.41,57.31,458.96,133.14,AWS,eu-west-1,t3.large,2,8,0.0928,472.72,37.03,23.3847,52.36,no_action
91.82,94.49,1432.27,825.78,Azure,ap-south-1,c5.2xlarge,8,16,0.34,163.1,1176.86,19.2352,93.16,scale_up
74.05,44.6,283.21,238.09,Azure,ap-south-1,t3.micro,2,1,0.0116,397.39,473.74,7.7665,59.33,no_action
32.75,49.57,425.34,74.69,AWS,ap-south-1,m5.xlarge,4,16,0.192,39.45,315.73,105.7159,41.16,no_action
69.97,60.67,424.78,253.32,AWS,ap-south-1,c5.2xlarge,8,16,0.34,323.14,921.45,211.7191,65.32,no_action
98.93,71.39,1381.25,836.63,AWS,us-east-1,c5.2xlarge,8,16,0.34,264.62,282.62,138.4956,85.16,scale_up
61.57,69.46,276.6,179.55,AWS,eu-west-1,m5.xlarge,4,16,0.192,263.3,1083.47,71.6651,65.51,no_action
9.63,17.27,59.41,15.75,AWS,us-east-1,t3.medium,2,4,0.0464,178.18,1526.87,19.487,13.45,scale_down
37.9,62.25,455.37,262.82,GCP,eu-west-1,m5.xlarge,4,16,0.192,219.52,1519.76,13.6626,50.07,no_action
87.83,82.76,1390.55,557.74,AWS,eu-west-1,t3.medium,2,4,0.0464,269.22,1911.02,10.0446,85.3,scale_up
95.8,72.87,611.26,840.79,GCP,ap-south-1,m5.xlarge,4,16,0.192,272.7,1440.44,31.2927,84.33,scale_up
97.46,79.13,1000.15,553.41,Azure,eu-west-1,t3.large,2,8,0.0928,90.06,722.71,12.966,88.3,scale_up
7.42,6.95,94.99,1.38,Azure,ap-south-1,t3.large,2,8,0.0928,74.04,1144.96,49.3235,7.18,scale_down
23.33,7.36,76.8,0.63,GCP,eu-west-1,t3.large,2,8,0.0928,112.54,139.62,52.152,15.35,no_action
87.53,91.15,655.4,689.87,GCP,us-east-1,t3.large,2,8,0.0928,46.63,370.84,31.8395,89.34,scale_up
69.84,57.14,427.54,190.94,Azure,ap-south-1,c5.2xlarge,8,16,0.34,264.98,1450.95,5.1532,63.49,no_action
1.1,11.34,80.96,47.93,Azure,ap-south-1,m5.xlarge,4,16,0.192,188.23,1683.98,119.4392,6.22,scale_down
56.7,51.56,365.22,235.12,AWS,ap-south-1,t3.micro,2,1,0.0116,223.24,1777.74,6.7631,54.13,no_action
44.61,37.32,157.27,286.27,GCP,ap-south-1,t3.micro,2,1,0.0116,493.47,99.37,1.2655,40.96,no_action
35.81,48.26,208.68,137.98,Azure,us-east-1,t3.medium,2,4,0.0464,51.68,861.97,32.8494,42.03,no_action
28.56,23.7,65.96,42.83,AWS,eu-west-1,m5.xlarge,4,16,0.192,42.44,931.03,136.7568,26.13,no_action
72.79,67.53,104.96,93.08,Azure,ap-south-1,t3.large,2,8,0.0928,411.01,677.08,6.4624,70.16,no_action
31.6,67.43,334.45,124.54,Azure,eu-west-1,t3.large,2,8,0.0928,78.82,1660.75,55.9081,49.51,no_action
93.39,93.27,1308.82,642.46,AWS,us-east-1,t3.large,2,8,0.0928,10.2,1525.74,7.2053,93.33,scale_up
1.56,1.14,42.98,3.15,AWS,ap-south-1,m5.xlarge,4,16,0.192,395.63,1063.83,4.2007,1.35,scale_down
13.13,16.64,79.98,30.53,AWS,eu-west-1,t3.medium,2,4,0.0464,116.26,1229.97,21.0068,14.89,scale_down
18.96,16.71,13.35,14.37,AWS,us-west-2,t3.micro,2,1,0.0116,248.97,1270.23,1.5398,17.83,scale_down
38.3,49.69,235.39,163.77,AWS,eu-west-1,m5.xlarge,4,16,0.192,176.99,1260.65,6.1138,43.99,no_action
47.62,62.15,454.53,112.17,Azure,eu-west-1,t3.large,2,8,0.0928,419.01,922.99,18.363,54.89,no_action
5.05,4.32,50.34,31.93,GCP,ap-south-1,t3.large,2,8,0.0928,89.67,1722.26,35.5904,4.68,scale_down
93.51,93.1,1469.01,764.05,GCP,us-east-1,m5.xlarge,4,16,0.192,125.46,89.83,136.2297,93.3,scale_up
71.5,31.43,406.69,217.68,AWS,eu-west-1,c5.2xlarge,8,16,0.34,29.54,1092.51,126.2517,51.47,no_action
29.2,7.86,21.29,4.03,GCP,us-east-1,t3.large,2,8,0.0928,283.09,37.07,27.576,18.53,no_action
21.52,3.16,23.94,9.34,AWS,eu-west-1,t3.large,2,8,0.0928,180.95,478.68,16.4026,12.34,no_action
64.47,47.81,238.4,162.8,AWS,us-east-1,t3.large,2,8,0.0928,375.54,1805.42,3.4134,56.14,no_action
70.8,68.35,110.34,297.52,Azure,us-east-1,t3.large,2,8,0.0928,164.64,1687.48,12.1227,69.58,no_action
87.37,84.14,1456.26,560.24,GCP,ap-south-1,t3.medium,2,4,0.0464,393.89,1884.4,29.3042,85.76,scale_up
47.99,44.43,430.54,163.03,AWS,us-east-1,t3.micro,2,1,0.0116,264.23,1965.07,0.5119,46.21,no_action
40.32,55.81,233.94,279.89,Azure,us-east-1,t3.micro,2,1,0.0116,328.59,563.58,3.956,48.06,no_action
63.95,36.96,326.06,278.05,Azure,us-east-1,t3.medium,2,4,0.0464,484.34,1315.73,32.8629,50.45,no_action
54.0,56.38,116.64,230.37,GCP,ap-south-1,t3.medium,2,4,0.0464,35.68,941.89,27.6588,55.19,no_action
41.84,47.08,254.71,241.4,GCP,ap-south-1,t3.medium,2,4,0.0464,442.47,1401.75,11.4428,44.46,no_action
87.05,71.27,962.53,551.36,AWS,eu-west-1,t3.micro,2,1,0.0116,390.77,716.33,8.2064,79.16,scale_up
96.19,87.78,1431.3,825.62,AWS,us-east-1,t3.medium,2,4,0.0464,340.13,1319.07,7.1579,91.99,scale_up
74.59,36.24,201.42,72.25,AWS,us-east-1,t3.large,2,8,0.0928,139.51,1538.2,57.0026,55.41,no_action
61.4,51.44,454.09,113.0,GCP,eu-west-1,t3.medium,2,4,0.0464,193.67,1557.51,16.4853,56.42,no_action
36.34,47.75,230.19,64.15,Azure,ap-south-1,c5.2xlarge,8,16,0.34,417.43,99.88,160.0354,42.04,no_action
55.85,42.61,305.18,111.56,GCP,ap-south-1,t3.micro,2,1,0.0116,432.53,634.5,2.0563,49.23,no_action
84.38,96.47,1450.44,729.89,AWS,us-west-2,t3.micro,2,1,0.0116,248.8,1284.84,3.4645,90.43,scale_up
61.39,49.03,434.45,219.52,Azure,us-east-1,c5.2xlarge,8,16,0.34,343.85,442.14,240.9497,55.21,no_action
8.16,14.7,40.49,8.51,AWS,us-east-1,t3.medium,2,4,0.0464,105.3,1837.42,28.68,11.43,scale_down
3.26,23.75,17.08,1.84,GCP,us-west-2,t3.medium,2,4,0.0464,96.86,1532.44,13.5621,13.5,no_action
43.84,52.38,473.09,126.46,Azure,us-west-2,t3.medium,2,4,0.0464,29.07,1354.5,26.2967,48.11,no_action
67.99,62.27,349.92,117.34,GCP,eu-west-1,t3.large,2,8,0.0928,145.6,256.77,61.6018,65.13,no_action
55.81,66.57,302.4,185.93,GCP,eu-west-1,t3.medium,2,4,0.0464,238.47,545.12,1.9156,61.19,no_action
43.83,51.34,153.72,283.16,AWS,us-east-1,t3.large,2,8,0.0928,447.79,388.09,23.0085,47.59,no_action
97.89,95.58,1079.83,612.21,GCP,us-west-2,c5.2xlarge,8,16,0.34,465.71,1865.53,237.3024,96.73,scale_up
54.36,30.74,124.79,272.02,AWS,us-east-1,c5.2xlarge,8,16,0.34,435.09,720.97,218.1662,42.55,no_action
35.1,47.35,282.92,187.74,AWS,us-west-2,c5.2xlarge,8,16,0.34,57.26,1982.89,60.0217,41.23,no_action
78.52,94.81,1261.49,598.59,Azure,eu-west-1,t3.micro,2,1,0.0116,141.06,1358.45,0.3321,86.67,scale_up
15.23,16.57,71.24,24.23,GCP,us-east-1,t3.large,2,8,0.0928,116.16,1079.18,63.0974,15.9,scale_down
7.95,0.51,47.97,42.95,GCP,us-east-1,m5.xlarge,4,16,0.192,448.44,1912.89,121.6139,4.23,scale_down
26.69,15.71,53.7,15.45,GCP,us-east-1,t3.large,2,8,0.0928,229.98,1431.75,26.9443,21.2,no_action
99.36,81.71,1409.66,435.33,Azure,ap-south-1,t3.large,2,8,0.0928,98.66,1237.63,52.0955,90.53,scale_up
43.06,63.12,368.8,292.68,GCP,ap-south-1,m5.xlarge,4,16,0.192,131.12,976.71,69.3872,53.09,no_action
8.81,22.6,21.91,24.92,AWS,eu-west-1,t3.medium,2,4,0.0464,413.18,1634.51,26.5449,15.7,no_action
51.82,65.62,218.76,282.87,GCP,ap-south-1,t3.micro,2,1,0.0116,228.14,1342.88,2.2542,58.72,no_action
48.8,60.41,169.93,134.65,AWS,ap-south-1,m5.xlarge,4,16,0.192,115.97,724.63,31.9948,54.6,no_action
10.94,29.66,59.39,19.97,GCP,us-east-1,c5.2xlarge,8,16,0.34,418.59,1462.45,183.5078,20.3,no_action
15.12,20.5,58.79,42.12,GCP,eu-west-1,t3.micro,2,1,0.0116,145.86,1155.2,1.0394,17.81,no_action
98.09,92.23,816.1,758.0,GCP,us-west-2,c5.2xlarge,8,16,0.34,15.96,1057.78,61.5368,95.16,scale_up
18.21,0.68,93.1,34.31,Azure,eu-west-1,m5.xlarge,4,16,0.192,21.93,1639.48,27.8383,9.45,scale_down
70.04,47.49,130.14,286.66,AWS,eu-west-1,m5.xlarge,4,16,0.192,460.66,1372.02,64.7836,58.77,no_action
76.72,86.12,660.13,304.64,AWS,ap-south-1,m5.xlarge,4,16,0.192,214.44,283.06,22.3508,81.42,scale_up
31.32,41.68,318.07,119.33,AWS,eu-west-1,m5.xlarge,4,16,0.192,277.74,238.28,130.3444,36.5,no_action
35.32,61.23,245.51,234.01,AWS,eu-west-1,t3.medium,2,4,0.0464,258.92,1479.94,30.315,48.28,no_action
89.3,70.55,750.64,437.51,Azure,ap-south-1,c5.2xlarge,8,16,0.34,128.68,1075.86,142.606,79.92,scale_up
33.22,67.74,409.34,259.72,GCP,us-west-2,t3.medium,2,4,0.0464,186.6,1524.05,16.2392,50.48,no_action
99.96,71.48,941.14,571.26,Azure,ap-south-1,t3.micro,2,1,0.0116,153.81,1146.99,1.2625,85.72,scale_up
62.2,65.56,434.31,202.08,Azure,ap-south-1,c5.2xlarge,8,16,0.34,197.25,1011.38,188.2649,63.88,no_action
12.95,9.97,41.13,30.14,AWS,us-east-1,t3.large,2,8,0.0928,499.9,991.05,14.0042,11.46,scale_down
39.24,57.81,396.44,114.77,GCP,us-west-2,t3.medium,2,4,0.0464,175.33,1981.04,12.5325,48.52,no_action
82.9,96.66,1060.46,650.03,Azure,ap-south-1,t3.micro,2,1,0.0116,241.64,1102.46,1.6637,89.78,scale_up
38.0,32.05,373.18,112.77,GCP,us-east-1,t3.micro,2,1,0.0116,252.34,1496.03,4.7045,35.03,no_action
16.41,7.7,67.11,47.9,GCP,eu-west-1,m5.xlarge,4,16,0.192,385.97,1212.0,136.9462,12.05,scale_down
92.77,94.91,1135.1,843.02,Azure,ap-south-1,m5.xlarge,4,16,0.192,350.5,748.2,25.2143,93.84,scale_up
97.03,79.13,1154.39,592.5,GCP,us-west-2,t3.medium,2,4,0.0464,186.32,1294.43,31.6573,88.08,scale_up
70.65,39.25,134.42,63.87,Azure,ap-south-1,t3.large,2,8,0.0928,439.53,1946.84,20.2783,54.95,no_action
62.26,53.3,157.32,161.35,AWS,us-west-2,t3.large,2,8,0.0928,180.77,996.37,58.1639,57.78,no_action
14.15,22.32,14.0,33.54,AWS,eu-west-1,t3.large,2,8,0.0928,121.98,882.38,1.2179,18.23,no_action
38.69,62.08,401.32,223.97,Azure,ap-south-1,t3.large,2,8,0.0928,246.3,736.78,25.1531,50.38,no_action
31.26,67.27,309.19,60.81,Azure,us-east-1,m5.xlarge,4,16,0.192,174.54,162.93,54.4372,49.27,no_action
35.36,39.8,140.06,251.87,GCP,ap-south-1,t3.micro,2,1,0.0116,71.94,1194.79,2.8702,37.58,no_action
51.98,35.48,474.35,288.92,GCP,us-west-2,t3.large,2,8,0.0928,429.02,1689.3,6.6765,43.73,no_action
68.98,65.31,127.98,154.78,AWS,eu-west-1,c5.2xlarge,8,16,0.34,293.59,302.67,187.4576,67.15,no_action
41.77,66.86,267.12,266.03,AWS,eu-west-1,t3.medium,2,4,0.0464,59.28,644.57,5.9291,54.32,no_action
57.43,37.65,209.33,210.09,GCP,eu-west-1,t3.medium,2,4,0.0464,236.81,1717.45,11.4688,47.54,no_action
10.87,19.53,66.22,20.18,GCP,us-west-2,t3.micro,2,1,0.0116,161.81,1868.15,6.6004,15.2,scale_down
2.44,20.65,22.68,1.76,Azure,us-east-1,c5.2xlarge,8,16,0.34,34.52,753.31,19.3073,11.55,no_action
6.33,15.12,68.06,12.37,Azure,us-west-2,t3.micro,2,1,0.0116,302.23,522.58,2.7928,10.72,scale_down
78.97,71.42,695.98,649.17,GCP,us-east-1,c5.2xlarge,8,16,0.34,394.13,346.8,26.8774,75.2,no_action
43.03,50.95,131.66,79.42,Azure,us-west-2,t3.medium,2,4,0.0464,92.05,1551.7,17.1895,46.99,no_action
78.89,93.07,1218.78,327.5,AWS,us-west-2,t3.micro,2,1,0.0116,105.63,1125.31,2.7024,85.98,scale_up
16.89,10.56,60.61,4.46,AWS,us-east-1,c5.2xlarge,8,16,0.34,9.75,44.02,99.9679,13.73,scale_down
65.8,60.54,153.6,72.13,Azure,ap-south-1,c5.2xlarge,8,16,0.34,454.54,1075.66,210.038,63.17,no_action
6.28,8.78,19.25,13.21,GCP,us-east-1,c5.2xlarge,8,16,0.34,418.26,1281.67,99.5613,7.53,scale_down
76.19,74.43,848.86,797.95,Azure,us-west-2,t3.micro,2,1,0.0116,446.86,381.8,5.1798,75.31,no_action
86.45,81.27,1077.66,563.2,Azure,ap-south-1,c5.2xlarge,8,16,0.34,13.59,1988.06,133.2138,83.86,scale_up
12.68,1.97,80.97,47.64,AWS,eu-west-1,t3.large,2,8,0.0928,184.42,312.29,21.8782,7.33,scale_down
19.24,27.71,78.3,9.04,Azure,us-east-1,c5.2xlarge,8,16,0.34,401.08,1287.06,163.8719,23.47,no_action
9.52,4.67,7.38,36.92,AWS,us-west-2,m5.xlarge,4,16,0.192,398.6,824.65,54.8487,7.09,scale_down
51.87,46.28,360.23,139.03,GCP,us-west-2,t3.large,2,8,0.0928,482.06,1872.93,56.6759,49.08,no_action
33.93,59.55,260.68,170.1,Azure,eu-west-1,t3.large,2,8,0.0928,487.28,695.29,43.344,46.74,no_action
7.25,20.75,6.52,48.16,AWS,eu-west-1,m5.xlarge,4,16,0.192,177.75,1665.37,44.1508,14.0,no_action
59.42,33.04,341.44,282.81,AWS,us-east-1,m5.xlarge,4,16,0.192,425.93,144.67,137.3275,46.23,no_action
79.28,95.15,521.64,439.89,Azure,us-west-2,t3.large,2,8,0.0928,379.87,1176.36,52.3194,87.21,scale_up
97.12,99.43,520.01,627.88,GCP,us-east-1,m5.xlarge,4,16,0.192,174.14,561.21,46.5356,98.28,scale_up
61.46,51.01,433.9,58.28,AWS,us-east-1,t3.micro,2,1,0.0116,137.85,944.6,0.6505,56.24,no_action
75.08,91.59,1333.81,537.02,GCP,eu-west-1,t3.medium,2,4,0.0464,284.29,463.1,20.8039,83.34,scale_up
36.2,56.85,491.67,182.99,GCP,us-west-2,t3.micro,2,1,0.0116,110.97,1254.31,4.2896,46.52,no_action
55.74,69.48,430.35,116.17,Azure,ap-south-1,m5.xlarge,4,16,0.192,364.25,436.46,108.1934,62.61,no_action
8.4,25.11,64.42,19.88,Azure,us-west-2,c5.2xlarge,8,16,0.34,214.59,1852.72,53.5812,16.76,no_action
30.6,63.74,476.73,213.89,AWS,us-east-1,t3.large,2,8,0.0928,119.56,510.97,31.2254,47.17,no_action
44.37,35.78,321.2,121.48,AWS,us-east-1,c5.2xlarge,8,16,0.34,120.34,803.93,192.3612,40.07,no_action
36.88,63.79,178.31,283.07,GCP,eu-west-1,t3.large,2,8,0.0928,129.03,1470.42,19.0859,50.34,no_action
76.25,86.68,520.75,362.07,GCP,eu-west-1,t3.large,2,8,0.0928,177.04,96.61,26.8118,81.46,scale_up
60.89,38.63,383.76,283.76,GCP,ap-south-1,t3.medium,2,4,0.0464,284.77,1226.75,2.3461,49.76,no_action
31.84,65.21,126.79,266.88,GCP,ap-south-1,m5.xlarge,4,16,0.192,198.95,737.14,75.1241,48.53,no_action
4.73,15.43,59.72,22.88,AWS,us-west-2,t3.large,2,8,0.0928,173.68,940.95,20.8715,10.08,scale_down
40.71,69.55,300.35,98.54,GCP,eu-west-1,t3.medium,2,4,0.0464,241.15,1734.17,0.7739,55.13,no_action
23.06,11.31,90.92,39.47,AWS,ap-south-1,t3.medium,2,4,0.0464,376.55,1942.17,12.2633,17.18,no_action
1.64,23.28,61.37,3.48,AWS,ap-south-1,t3.micro,2,1,0.0116,256.75,174.09,6.1497,12.46,no_action
90.15,76.35,1114.06,733.59,Azure,us-east-1,m5.xlarge,4,16,0.192,362.54,1632.0,118.0229,83.25,scale_up
52.44,37.63,321.08,151.86,Azure,ap-south-1,t3.medium,2,4,0.0464,198.07,1621.41,13.6445,45.03,no_action
28.82,20.65,36.44,46.93,AWS,us-east-1,c5.2xlarge,8,16,0.34,333.09,1690.22,187.5603,24.74,no_action
26.01,3.15,35.64,31.98,Azure,us-west-2,t3.micro,2,1,0.0116,22.19,1384.32,4.4156,14.58,no_action
57.41,30.26,495.89,140.98,AWS,eu-west-1,t3.medium,2,4,0.0464,424.81,1074.58,4.3981,43.84,no_action
99.61,95.63,1430.23,773.26,GCP,eu-west-1,m5.xlarge,4,16,0.192,230.89,418.81,28.917,97.62,scale_up
29.75,8.62,69.73,29.85,AWS,ap-south-1,m5.xlarge,4,16,0.192,247.02,1334.88,51.4579,19.19,no_action
75.56,94.26,991.14,484.1,AWS,us-west-2,t3.micro,2,1,0.0116,55.46,134.82,2.9213,84.91,scale_up
93.48,93.95,702.84,483.1,Azure,us-east-1,m5.xlarge,4,16,0.192,249.91,381.18,128.4157,93.71,scale_up
44.48,36.17,281.27,268.48,GCP,us-west-2,m5.xlarge,4,16,0.192,287.42,1757.89,27.2318,40.32,no_action
59.71,61.79,400.52,285.57,AWS,ap-south-1,t3.medium,2,4,0.0464,202.14,420.71,18.4257,60.75,no_action
33.41,30.51,343.52,66.37,AWS,us-east-1,m5.xlarge,4,16,0.192,193.29,17.18,85.1229,31.96,no_action
89.24,89.7,962.34,782.38,Azure,ap-south-1,t3.large,2,8,0.0928,60.66,178.25,3.0449,89.47,scale_up
51.46,69.49,386.99,214.37,GCP,eu-west-1,t3.medium,2,4,0.0464,287.37,1994.76,32.7561,60.48,no_action
30.0,13.06,42.81,42.13,Azure,eu-west-1,m5.xlarge,4,16,0.192,403.72,1464.84,64.1399,21.53,no_action
58.12,49.93,246.85,270.39,AWS,eu-west-1,m5.xlarge,4,16,0.192,60.79,978.98,27.0243,54.03,no_action
22.58,13.82,42.92,44.87,GCP,eu-west-1,m5.xlarge,4,16,0.192,147.79,505.55,129.8463,18.2,no_action
78.58,70.78,737.04,764.51,GCP,us-west-2,t3.micro,2,1,0.0116,123.82,1460.92,2.1126,74.68,no_action
10.82,14.46,29.2,29.86,Azure,ap-south-1,c5.2xlarge,8,16,0.34,360.07,900.26,213.8988,12.64,scale_down
72.11,45.68,261.15,212.69,AWS,us-west-2,t3.medium,2,4,0.0464,265.86,755.16,33.0669,58.89,no_action
0.1,6.04,59.04,8.12,GCP,us-west-2,t3.micro,2,1,0.0116,492.97,933.75,4.9939,3.07,scale_down
5.32,20.47,53.05,4.16,AWS,ap-south-1,t3.large,2,8,0.0928,146.21,1045.54,56.9643,12.89,no_action
87.53,90.93,572.83,863.23,GCP,eu-west-1,t3.large,2,8,0.0928,232.08,1877.45,7.2588,89.23,scale_up
72.21,39.31,113.91,248.28,GCP,eu-west-1,t3.large,2,8,0.0928,299.96,1032.7,2.3843,55.76,no_action
63.22,46.07,128.36,241.88,GCP,ap-south-1,t3.micro,2,1,0.0116,40.27,1845.02,0.4367,54.64,no_action
39.78,60.36,413.72,280.67,AWS,eu-west-1,m5.xlarge,4,16,0.192,191.2,1017.44,50.3212,50.07,no_action
49.27,46.15,385.06,279.45,GCP,ap-south-1,c5.2xlarge,8,16,0.34,335.04,948.45,190.8245,47.71,no_action
39.97,33.45,266.69,204.49,AWS,ap-south-1,c5.2xlarge,8,16,0.34,334.36,1925.85,37.7786,36.71,no_action
77.93,70.48,607.01,475.56,AWS,ap-south-1,m5.xlarge,4,16,0.192,278.14,137.36,18.998,74.2,no_action
41.27,44.84,138.68,106.62,GCP,us-east-1,t3.large,2,8,0.0928,449.36,1959.59,43.3067,43.06,no_action
15.37,3.38,62.78,36.64,Azure,us-west-2,t3.medium,2,4,0.0464,199.68,1445.81,10.883,9.38,scale_down
23.96,13.76,19.98,40.55,GCP,eu-west-1,t3.large,2,8,0.0928,82.81,428.82,24.5144,18.86,no_action
57.86,62.83,171.25,224.91,AWS,us-east-1,t3.large,2,8,0.0928,18.55,1395.39,64.1763,60.35,no_action
62.96,43.77,365.7,274.82,GCP,eu-west-1,t3.micro,2,1,0.0116,364.65,1424.94,3.1974,53.37,no_action
76.71,96.04,1292.59,644.79,Azure,us-west-2,t3.micro,2,1,0.0116,46.41,553.89,2.4947,86.38,scale_up
79.24,95.88,998.15,447.56,AWS,eu-west-1,m5.xlarge,4,16,0.192,345.92,1784.83,87.4829,87.56,scale_up
26.76,17.29,93.39,16.15,AWS,eu-west-1,t3.micro,2,1,0.0116,185.99,100.5,4.9258,22.02,no_action
86.1,75.31,1162.13,394.77,GCP,us-east-1,t3.large,2,8,0.0928,452.56,468.96,19.5361,80.7,scale_up
9.79,28.09,39.23,21.95,AWS,ap-south-1,c5.2xlarge,8,16,0.34,399.55,196.34,44.9083,18.94,no_action
76.18,97.22,1373.37,575.04,GCP,eu-west-1,m5.xlarge,4,16,0.192,85.79,1662.27,45.0024,86.7,scale_up
80.58,71.0,1002.84,488.45,GCP,ap-south-1,t3.medium,2,4,0.0464,94.34,1502.67,6.8672,75.79,scale_up
79.09,80.29,1062.06,655.6,GCP,eu-west-1,c5.2xlarge,8,16,0.34,245.67,1480.16,180.5678,79.69,scale_up
1.23,2.15,32.51,11.64,GCP,eu-west-1,t3.medium,2,4,0.0464,136.14,450.33,6.5794,1.69,scale_down
80.11,77.39,1433.01,753.43,AWS,ap-south-1,c5.2xlarge,8,16,0.34,395.9,218.47,204.7843,78.75,scale_up
34.77,54.77,347.83,59.44,GCP,us-east-1,t3.large,2,8,0.0928,148.88,833.24,36.8082,44.77,no_action
96.54,79.88,868.13,323.48,AWS,us-east-1,c5.2xlarge,8,16,0.34,166.81,1777.84,6.5853,88.21,scale_up
11.4,16.98,70.43,37.11,AWS,us-east-1,t3.micro,2,1,0.0116,345.58,680.49,0.9435,14.19,scale_down
91.98,84.74,1271.99,868.95,GCP,us-west-2,t3.medium,2,4,0.0464,62.32,675.98,10.7071,88.36,scale_up
80.29,72.42,1480.39,851.05,Azure,us-west-2,t3.micro,2,1,0.0116,359.73,857.69,1.5978,76.36,scale_up
54.52,49.5,252.47,229.72,AWS,ap-south-1,c5.2xlarge,8,16,0.34,442.52,20.37,228.5719,52.01,no_action
14.01,25.05,17.76,7.96,Azure,us-west-2,c5.2xlarge,8,16,0.34,330.45,1741.58,218.5025,19.53,no_action
43.75,38.83,386.3,180.45,AWS,us-east-1,t3.micro,2,1,0.0116,262.7,156.68,4.2835,41.29,no_action
89.32,91.52,1245.08,842.99,GCP,us-west-2,m5.xlarge,4,16,0.192,7.18,10.66,65.387,90.42,scale_up
77.03,93.87,824.5,814.18,Azure,us-east-1,c5.2xlarge,8,16,0.34,306.12,1350.53,71.6426,85.45,scale_up
18.66,1.12,81.99,5.3,AWS,us-east-1,t3.micro,2,1,0.0116,204.83,1146.8,0.0754,9.89,scale_down
22.37,7.6,87.57,22.99,GCP,us-west-2,t3.large,2,8,0.0928,109.04,1732.18,27.971,14.99,no_action
66.44,53.38,256.22,77.4,AWS,us-west-2,m5.xlarge,4,16,0.192,448.25,80.58,119.3533,59.91,no_action
92.39,77.67,1228.76,897.52,Azure,ap-south-1,t3.micro,2,1,0.0116,399.56,690.25,7.5229,85.03,scale_up
79.36,99.63,860.88,792.3,AWS,eu-west-1,t3.micro,2,1,0.0116,191.16,1681.66,8.0638,89.5,scale_up
33.33,38.13,137.16,65.79,AWS,us-east-1,t3.medium,2,4,0.0464,137.54,1148.08,32.2299,35.73,no_action
54.87,55.69,265.86,275.84,Azure,ap-south-1,t3.medium,2,4,0.0464,184.56,258.77,4.8511,55.28,no_action
25.11,17.16,87.1,32.27,AWS,us-east-1,c5.2xlarge,8,16,0.34,473.36,569.86,145.8718,21.13,no_action
13.17,8.63,15.23,26.39,GCP,ap-south-1,t3.large,2,8,0.0928,299.16,1141.88,7.8693,10.9,scale_down
49.32,63.95,411.31,231.1,AWS,us-east-1,t3.micro,2,1,0.0116,351.86,1125.37,0.5213,56.64,no_action
28.11,10.23,29.71,11.7,AWS,ap-south-1,m5.xlarge,4,16,0.192,415.91,1362.31,32.7951,19.17,no_action
54.16,58.72,182.87,89.76,Azure,ap-south-1,m5.xlarge,4,16,0.192,327.7,588.25,134.6439,56.44,no_action
49.42,55.64,477.88,78.1,GCP,eu-west-1,t3.medium,2,4,0.0464,228.67,392.9,29.8753,52.53,no_action
96.24,99.34,657.94,621.31,Azure,ap-south-1,t3.medium,2,4,0.0464,483.34,321.6,6.262,97.79,scale_up
49.78,42.09,126.87,113.18,GCP,ap-south-1,c5.2xlarge,8,16,0.34,102.94,1088.66,147.4243,45.94,no_action
67.54,49.05,495.11,159.9,Azure,us-west-2,m5.xlarge,4,16,0.192,326.54,110.22,90.3843,58.3,no_action
17.46,21.27,86.01,49.34,GCP,us-west-2,t3.micro,2,1,0.0116,128.49,370.0,3.8649,19.37,no_action
20.58,8.04,12.32,19.11,GCP,us-west-2,t3.medium,2,4,0.0464,417.5,702.18,1.1892,14.31,no_action
70.54,60.99,315.88,87.17,Azure,us-east-1,c5.2xlarge,8,16,0.34,177.58,1171.64,213.1748,65.77,no_action
29.86,2.27,93.64,14.47,Azure,ap-south-1,t3.medium,2,4,0.0464,346.2,682.84,32.3322,16.06,no_action
3.3,1.18,60.27,6.17,GCP,ap-south-1,t3.micro,2,1,0.0116,254.92,1904.03,5.838,2.24,scale_down
32.06,67.81,157.51,275.75,AWS,us-east-1,t3.micro,2,1,0.0116,46.37,1647.02,1.279,49.94,no_action
92.86,86.65,608.81,859.28,AWS,us-west-2,m5.xlarge,4,16,0.192,228.9,1471.55,69.3569,89.76,scale_up
88.56,83.21,890.11,703.54,AWS,us-east-1,t3.micro,2,1,0.0116,346.8,101.38,2.8369,85.89,scale_up
76.29,99.89,1236.56,352.47,GCP,us-east-1,c5.2xlarge,8,16,0.34,15.02,1441.38,107.7049,88.09,scale_up
48.61,44.93,325.83,65.93,Azure,us-east-1,m5.xlarge,4,16,0.192,438.53,1652.38,48.0097,46.77,no_action
93.56,72.48,1023.37,830.38,Azure,us-east-1,t3.micro,2,1,0.0116,278.1,1236.34,7.5817,83.02,scale_up
38.14,55.87,497.11,205.65,AWS,eu-west-1,t3.large,2,8,0.0928,22.71,44.42,21.4684,47.0,no_action
6.93,27.1,9.73,12.68,Azure,us-east-1,t3.medium,2,4,0.0464,333.2,1350.69,10.4994,17.02,no_action
79.07,96.48,722.69,367.75,AWS,ap-south-1,t3.medium,2,4,0.0464,342.69,887.01,26.6219,87.77,scale_up
79.84,85.07,929.7,737.42,GCP,eu-west-1,m5.xlarge,4,16,0.192,125.0,1193.05,122.2067,82.46,scale_up
99.57,81.21,1283.72,568.09,Azure,ap-south-1,t3.micro,2,1,0.0116,432.73,1410.47,0.2027,90.39,scale_up
27.83,19.41,97.03,17.23,AWS,us-west-2,t3.large,2,8,0.0928,178.21,1090.59,25.6813,23.62,no_action
22.41,10.35,52.23,18.0,AWS,eu-west-1,t3.large,2,8,0.0928,12.94,1129.27,8.3505,16.38,no_action
70.07,47.36,224.4,279.01,AWS,us-west-2,t3.medium,2,4,0.0464,206.37,546.6,3.3045,58.72,no_action
11.24,0.5,39.03,32.73,AWS,us-west-2,m5.xlarge,4,16,0.192,130.91,869.66,8.0214,5.87,scale_down
6.18,11.47,2.52,38.18,Azure,us-west-2,c5.2xlarge,8,16,0.34,457.99,483.26,105.2121,8.82,scale_down
53.23,64.93,182.22,60.19,AWS,ap-south-1,t3.medium,2,4,0.0464,337.77,696.86,0.6332,59.08,no_action
37.77,46.52,292.99,164.81,Azure,us-west-2,t3.medium,2,4,0.0464,487.1,100.55,31.7722,42.14,no_action
43.62,64.72,311.65,141.14,GCP,us-east-1,m5.xlarge,4,16,0.192,136.71,1185.11,21.1302,54.17,no_action
46.8,50.23,360.18,289.07,GCP,us-west-2,c5.2xlarge,8,16,0.34,383.59,816.46,183.2634,48.51,no_action
15.64,20.5,26.94,29.94,AWS,ap-south-1,t3.micro,2,1,0.0116,224.75,1197.95,2.4377,18.07,no_action
82.52,89.83,1195.59,722.46,AWS,us-east-1,t3.medium,2,4,0.0464,342.94,791.69,13.2194,86.18,scale_up
9.81,3.85,6.84,22.38,GCP,us-west-2,m5.xlarge,4,16,0.192,86.19,698.75,113.3886,6.83,scale_down
94.62,72.24,1488.52,704.88,GCP,eu-west-1,t3.micro,2,1,0.0116,377.96,499.15,5.6319,83.43,scale_up
47.13,43.32,442.3,268.69,AWS,eu-west-1,m5.xlarge,4,16,0.192,292.72,1053.84,112.901,45.23,no_action
94.21,75.06,516.38,805.98,Azure,ap-south-1,m5.xlarge,4,16,0.192,291.24,1784.42,67.0884,84.64,scale_up
85.79,81.47,1147.58,879.77,Azure,us-west-2,t3.medium,2,4,0.0464,257.64,1973.88,10.1299,83.63,scale_up
44.24,33.88,273.06,134.53,Azure,us-west-2,c5.2xlarge,8,16,0.34,65.7,599.27,217.0382,39.06,no_action
13.82,1.89,90.55,27.24,Azure,eu-west-1,t3.medium,2,4,0.0464,462.62,1148.99,2.3696,7.85,scale_down
58.13,49.62,449.03,186.73,AWS,us-west-2,m5.xlarge,4,16,0.192,242.99,1849.96,99.5437,53.88,no_action
83.01,78.24,906.94,877.19,AWS,eu-west-1,t3.medium,2,4,0.0464,263.5,1110.82,31.4597,80.63,scale_up
90.86,94.24,1335.57,646.74,GCP,eu-west-1,t3.large,2,8,0.0928,13.66,1947.69,31.5993,92.55,scale_up
64.13,51.85,360.59,179.17,GCP,us-east-1,m5.xlarge,4,16,0.192,495.98,118.7,67.9798,57.99,no_action
78.25,90.82,1417.46,735.41,GCP,ap-south-1,t3.micro,2,1,0.0116,41.93,811.76,0.0329,84.54,scale_up
94.08,92.41,1009.72,841.75,GCP,us-west-2,m5.xlarge,4,16,0.192,454.68,1052.58,84.1236,93.24,scale_up
21.98,28.6,16.41,11.07,GCP,us-west-2,t3.large,2,8,0.0928,81.63,611.71,48.426,25.29,no_action
95.73,70.2,723.11,663.14,GCP,eu-west-1,t3.micro,2,1,0.0116,52.87,937.96,3.6497,82.96,scale_up
29.47,19.6,52.2,30.4,AWS,eu-west-1,t3.micro,2,1,0.0116,194.31,1975.04,5.8918,24.54,no_action
62.51,57.36,485.36,103.78,GCP,us-east-1,c5.2xlarge,8,16,0.34,278.08,1207.51,244.4695,59.94,no_action
14.05,12.42,57.81,12.86,GCP,eu-west-1,t3.large,2,8,0.0928,179.95,435.53,38.2458,13.23,scale_down
94.49,77.68,650.31,509.89,Azure,ap-south-1,t3.medium,2,4,0.0464,300.88,292.58,21.6676,86.08,scale_up
90.15,84.68,595.98,537.37,Azure,ap-south-1,m5.xlarge,4,16,0.192,259.81,1655.52,10.6976,87.41,scale_up
96.13,84.8,998.35,885.95,AWS,ap-south-1,t3.large,2,8,0.0928,473.82,723.48,9.4727,90.47,scale_up
84.89,98.23,1371.36,606.87,Azure,us-east-1,t3.micro,2,1,0.0116,284.79,21.81,1.809,91.56,scale_up
25.06,18.58,74.87,26.14,Azure,eu-west-1,t3.large,2,8,0.0928,311.08,795.2,52.9292,21.82,no_action
23.56,15.38,81.31,24.86,Azure,us-east-1,m5.xlarge,4,16,0.192,478.53,1507.82,23.8178,19.47,no_action
97.12,78.07,743.77,478.25,Azure,ap-south-1,t3.micro,2,1,0.0116,290.72,1093.93,4.1102,87.6,scale_up
80.87,80.23,695.48,390.08,GCP,ap-south-1,t3.medium,2,4,0.0464,33.81,1747.47,9.686,80.55,scale_up
78.72,87.3,1239.41,345.75,GCP,us-east-1,c5.2xlarge,8,16,0.34,460.78,1947.48,148.4706,83.01,scale_up
19.46,9.72,92.68,22.77,Azure,ap-south-1,c5.2xlarge,8,16,0.34,136.61,822.39,169.5247,14.59,scale_down
57.93,60.5,394.22,253.61,GCP,ap-south-1,t3.large,2,8,0.0928,20.93,104.99,52.763,59.21,no_action
90.96,95.78,1416.98,600.25,AWS,ap-south-1,t3.micro,2,1,0.0116,275.01,1667.77,4.4956,93.37,scale_up
77.32,72.26,1335.42,562.67,Azure,eu-west-1,t3.medium,2,4,0.0464,6.55,1750.8,29.3019,74.79,no_action
38.7,48.93,372.76,208.46,GCP,us-west-2,c5.2xlarge,8,16,0.34,216.49,1799.74,127.2791,43.81,no_action
19.83,13.18,35.39,37.72,Azure,ap-south-1,t3.micro,2,1,0.0116,164.95,1577.67,5.6818,16.5,scale_down
26.84,19.46,72.54,27.46,GCP,eu-west-1,c5.2xlarge,8,16,0.34,195.29,1299.75,222.3802,23.15,no_action
46.37,58.14,171.49,140.83,GCP,ap-south-1,m5.xlarge,4,16,0.192,149.2,1207.05,22.6597,52.26,no_action
60.76,33.01,279.6,73.72,AWS,ap-south-1,t3.large,2,8,0.0928,301.73,569.3,19.2601,46.88,no_action
56.31,32.67,360.58,172.22,GCP,us-east-1,m5.xlarge,4,16,0.192,270.77,1667.27,47.4357,44.49,no_action
92.04,90.6,1405.86,523.76,Azure,ap-south-1,t3.large,2,8,0.0928,294.53,34.25,22.2499,91.32,scale_up
34.49,61.55,373.94,287.53,Azure,us-west-2,m5.xlarge,4,16,0.192,217.21,165.63,16.9813,48.02,no_action
8.45,26.97,77.35,43.56,Azure,ap-south-1,t3.medium,2,4,0.0464,110.95,1195.43,3.1687,17.71,no_action
0.74,27.09,7.08,18.82,AWS,us-west-2,m5.xlarge,4,16,0.192,45.14,1540.25,19.7002,13.92,no_action
0.51,20.96,95.48,35.31,GCP,us-east-1,t3.micro,2,1,0.0116,496.99,1378.21,0.2982,10.74,no_action
84.67,96.41,1480.53,535.68,Azure,us-west-2,t3.large,2,8,0.0928,443.78,1024.21,47.9343,90.54,scale_up
70.55,30.64,441.22,180.25,Azure,eu-west-1,c5.2xlarge,8,16,0.34,312.54,191.83,106.097,50.59,no_action
66.56,59.75,336.4,184.85,Azure,eu-west-1,t3.micro,2,1,0.0116,216.52,1945.69,4.6838,63.16,no_action
65.84,64.06,349.27,136.9,Azure,ap-south-1,t3.medium,2,4,0.0464,311.45,1173.05,20.2811,64.95,no_action
56.37,41.33,491.26,115.79,AWS,us-east-1,c5.2xlarge,8,16,0.34,237.47,1755.96,19.9124,48.85,no_action
76.02,84.65,950.62,498.9,Azure,ap-south-1,c5.2xlarge,8,16,0.34,479.04,1646.94,162.0703,80.33,scale_up
70.39,50.31,375.29,294.76,Azure,eu-west-1,t3.medium,2,4,0.0464,121.8,345.36,11.4567,60.35,no_action
76.0,75.0,953.28,448.31,AWS,us-east-1,t3.large,2,8,0.0928,133.2,1752.4,34.4644,75.5,no_action
4.04,23.02,61.76,41.0,GCP,us-west-2,m5.xlarge,4,16,0.192,302.34,1926.04,86.7387,13.53,no_action
73.75,69.13,288.49,90.69,Azure,ap-south-1,t3.medium,2,4,0.0464,105.03,1780.31,30.4616,71.44,no_action
19.85,24.82,68.54,26.7,Azure,eu-west-1,m5.xlarge,4,16,0.192,122.29,1490.34,65.5492,22.34,no_action
87.65,85.81,539.93,795.51,Azure,ap-south-1,c5.2xlarge,8,16,0.34,249.89,699.82,78.287,86.73,scale_up
8.84,0.23,29.67,14.07,GCP,us-west-2,t3.medium,2,4,0.0464,445.53,1934.57,2.3964,4.53,scale_down
84.44,79.51,1036.06,696.71,GCP,eu-west-1,t3.large,2,8,0.0928,353.23,282.14,54.3353,81.97,scale_up
30.27,31.4,365.53,180.81,GCP,ap-south-1,t3.medium,2,4,0.0464,411.4,607.82,27.2519,30.83,no_action
15.36,18.88,67.08,18.12,AWS,us-east-1,t3.large,2,8,0.0928,375.03,1741.83,25.9272,17.12,scale_down
83.31,73.26,1102.21,780.56,AWS,us-west-2,t3.micro,2,1,0.0116,307.37,367.77,4.5685,78.29,scale_up
23.54,0.65,23.95,27.15,GCP,us-east-1,m5.xlarge,4,16,0.192,360.22,1762.26,88.6866,12.1,no_action
92.97,72.54,1073.32,642.46,Azure,us-west-2,c5.2xlarge,8,16,0.34,457.52,1057.1,33.8463,82.76,scale_up
52.09,47.39,326.64,55.61,GCP,us-west-2,t3.micro,2,1,0.0116,495.09,1119.47,0.3051,49.74,no_action
0.99,24.37,56.18,27.3,AWS,us-west-2,m5.xlarge,4,16,0.192,479.12,1497.81,117.5492,12.68,no_action
95.57,95.1,1226.7,511.65,Azure,ap-south-1,t3.medium,2,4,0.0464,411.52,1084.15,10.1987,95.33,scale_up
18.57,21.94,67.66,33.39,GCP,us-east-1,t3.micro,2,1,0.0116,13.54,1055.49,6.865,20.26,no_action
73.3,42.02,444.58,283.41,Azure,us-east-1,t3.micro,2,1,0.0116,374.81,470.34,2.7973,57.66,no_action
18.98,10.58,7.68,37.65,AWS,us-east-1,t3.medium,2,4,0.0464,364.63,1826.08,24.4181,14.78,scale_down
46.23,52.22,388.33,112.74,GCP,eu-west-1,t3.medium,2,4,0.0464,82.76,563.33,0.1052,49.22,no_action
95.01,84.53,1073.86,388.43,AWS,us-east-1,t3.large,2,8,0.0928,165.67,826.08,54.0193,89.77,scale_up
39.33,67.57,378.91,62.71,GCP,us-west-2,c5.2xlarge,8,16,0.34,150.03,109.93,203.2459,53.45,no_action
71.93,35.81,216.76,126.07,GCP,ap-south-1,t3.large,2,8,0.0928,19.88,82.18,63.6662,53.87,no_action
18.34,23.59,33.4,41.58,Azure,ap-south-1,t3.large,2,8,0.0928,309.47,1397.01,19.7382,20.96,no_action
99.12,88.82,652.7,403.47,AWS,ap-south-1,t3.medium,2,4,0.0464,287.07,719.57,25.8772,93.97,scale_up
11.72,12.02,66.58,40.47,GCP,us-east-1,t3.large,2,8,0.0928,314.98,1400.23,24.976,11.87,scale_down
39.97,30.05,473.5,126.5,Azure,us-west-2,t3.medium,2,4,0.0464,102.33,543.61,11.0707,35.01,no_action
82.39,73.53,904.79,470.42,AWS,eu-west-1,c5.2xlarge,8,16,0.34,17.9,1772.58,216.9362,77.96,scale_up
58.38,68.3,250.94,204.55,GCP,us-east-1,c5.2xlarge,8,16,0.34,439.7,905.41,30.2486,63.34,no_action
7.15,0.06,87.24,22.19,Azure,eu-west-1,t3.micro,2,1,0.0116,123.24,532.95,2.0178,3.61,scale_down
89.21,93.94,1025.54,354.64,GCP,us-east-1,t3.medium,2,4,0.0464,293.53,1227.36,24.3573,91.58,scale_up
39.71,46.17,410.45,288.36,Azure,ap-south-1,t3.micro,2,1,0.0116,44.08,1075.72,2.6182,42.94,no_action
92.47,84.75,1385.44,439.75,Azure,us-west-2,t3.medium,2,4,0.0464,228.17,202.36,11.2276,88.61,scale_up
99.24,94.3,1251.15,756.23,Azure,us-east-1,t3.medium,2,4,0.0464,197.59,1505.72,12.9497,96.77,scale_up
88.78,79.58,924.24,595.45,Azure,eu-west-1,c5.2xlarge,8,16,0.34,428.89,1051.15,88.9469,84.18,scale_up
80.54,81.39,860.4,535.05,Azure,eu-west-1,t3.large,2,8,0.0928,397.79,655.07,33.5811,80.96,scale_up
16.41,13.4,80.98,12.17,Azure,eu-west-1,t3.large,2,8,0.0928,442.17,1126.49,40.7389,14.91,scale_down
3.85,11.04,47.72,21.62,Azure,ap-south-1,m5.xlarge,4,16,0.192,364.2,1197.59,40.9674,7.44,scale_down
0.03,8.47,58.4,29.77,Azure,us-west-2,t3.large,2,8,0.0928,389.69,1016.79,34.0817,4.25,scale_down
92.46,74.35,514.62,674.87,GCP,ap-south-1,t3.micro,2,1,0.0116,62.87,1543.12,7.2341,83.41,scale_up
52.09,37.61,239.37,229.48,AWS,ap-south-1,t3.micro,2,1,0.0116,112.62,535.49,6.2613,44.85,no_action
75.35,91.97,1193.43,775.41,AWS,eu-west-1,c5.2xlarge,8,16,0.34,132.07,894.23,161.4669,83.66,scale_up
35.16,61.24,388.27,213.96,AWS,eu-west-1,m5.xlarge,4,16,0.192,81.77,543.31,54.4693,48.2,no_action
62.24,31.71,397.6,171.54,AWS,ap-south-1,t3.medium,2,4,0.0464,162.29,288.16,2.5555,46.98,no_action
19.53,6.52,20.38,16.23,GCP,us-east-1,c5.2xlarge,8,16,0.34,8.53,1366.58,66.0185,13.03,scale_down
77.29,80.07,640.34,460.63,AWS,us-east-1,t3.medium,2,4,0.0464,31.21,1194.07,4.893,78.68,scale_up
51.42,61.17,194.06,238.41,AWS,eu-west-1,c5.2xlarge,8,16,0.34,433.36,1758.46,191.9168,56.3,no_action
58.74,36.44,492.18,226.0,GCP,us-east-1,c5.2xlarge,8,16,0.34,377.92,140.9,186.9651,47.59,no_action
87.24,73.31,971.59,446.29,Azure,us-east-1,t3.medium,2,4,0.0464,177.8,333.57,7.7214,80.28,scale_up
47.85,51.4,351.32,280.47,GCP,eu-west-1,t3.micro,2,1,0.0116,93.45,598.15,8.1501,49.63,no_action
36.11,58.29,128.13,239.26,GCP,eu-west-1,t3.micro,2,1,0.0116,275.68,564.91,7.2058,47.2,no_action
48.28,54.25,275.54,283.52,Azure,ap-south-1,t3.large,2,8,0.0928,269.7,1390.51,59.9092,51.26,no_action
65.14,57.45,280.46,154.83,Azure,ap-south-1,t3.micro,2,1,0.0116,40.93,22.94,4.4228,61.29,no_action
72.6,45.65,125.96,147.04,Azure,ap-south-1,t3.medium,2,4,0.0464,77.14,467.68,20.6669,59.12,no_action
73.26,43.03,493.41,101.36,Azure,ap-south-1,m5.xlarge,4,16,0.192,55.89,632.01,122.4452,58.14,no_action
84.0,96.68,1190.39,387.25,AWS,eu-west-1,t3.large,2,8,0.0928,297.62,1785.54,46.8013,90.34,scale_up
10.67,12.86,80.91,4.43,GCP,us-east-1,t3.medium,2,4,0.0464,196.31,180.56,4.6939,11.76,scale_down
87.87,84.4,1104.71,587.67,GCP,ap-south-1,m5.xlarge,4,16,0.192,467.52,488.69,38.0206,86.14,scale_up
60.68,50.22,377.69,93.19,GCP,us-east-1,t3.medium,2,4,0.0464,427.05,288.65,13.4181,55.45,no_action
72.35,59.57,316.44,283.15,AWS,ap-south-1,c5.2xlarge,8,16,0.34,241.83,1126.8,146.0622,65.96,no_action
88.87,91.67,1403.98,830.35,GCP,eu-west-1,m5.xlarge,4,16,0.192,256.83,1289.89,54.6157,90.27,scale_up
48.31,49.72,377.61,288.03,AWS,us-east-1,t3.micro,2,1,0.0116,151.18,500.26,5.0309,49.01,no_action
23.78,14.82,85.7,27.31,AWS,us-west-2,t3.large,2,8,0.0928,208.77,224.57,26.3426,19.3,no_action
83.88,74.62,1190.72,876.11,GCP,us-east-1,c5.2xlarge,8,16,0.34,322.27,1237.98,135.6461,79.25,scale_up
23.52,23.43,92.72,49.5,Azure,ap-south-1,t3.large,2,8,0.0928,292.73,226.67,30.7274,23.47,no_action
93.2,99.07,1069.58,441.1,GCP,us-west-2,m5.xlarge,4,16,0.192,422.39,1707.68,101.3516,96.13,scale_up
55.16,44.5,356.59,117.81,AWS,us-west-2,c5.2xlarge,8,16,0.34,398.44,466.34,39.1695,49.83,no_action
95.96,93.3,827.26,694.92,GCP,ap-south-1,t3.micro,2,1,0.0116,66.46,1019.02,0.1678,94.63,scale_up
74.38,53.2,353.03,142.04,AWS,us-east-1,m5.xlarge,4,16,0.192,368.59,994.82,2.6861,63.79,no_action
80.53,88.27,1317.98,449.77,AWS,us-west-2,t3.large,2,8,0.0928,466.47,1855.5,13.4732,84.4,scale_up
21.3,13.35,16.9,23.05,AWS,ap-south-1,t3.large,2,8,0.0928,305.35,668.59,34.1388,17.32,no_action
76.23,95.72,705.08,645.09,Azure,ap-south-1,t3.medium,2,4,0.0464,78.75,532.43,12.1013,85.97,scale_up
0.35,1.84,80.51,14.1,AWS,eu-west-1,t3.medium,2,4,0.0464,362.8,300.99,7.9625,1.1,scale_down
85.01,71.29,699.23,844.48,AWS,us-west-2,t3.medium,2,4,0.0464,52.75,1715.14,5.9782,78.15,scale_up
4.55,22.86,68.07,27.15,AWS,ap-south-1,t3.micro,2,1,0.0116,406.24,1300.07,7.3265,13.71,no_action
6.44,14.57,96.07,23.68,AWS,us-west-2,m5.xlarge,4,16,0.192,130.15,708.64,122.3761,10.51,scale_down
23.22,8.46,28.79,45.3,Azure,us-east-1,m5.xlarge,4,16,0.192,183.12,135.4,83.1032,15.84,no_action
36.85,50.62,163.1,149.61,AWS,us-east-1,t3.large,2,8,0.0928,471.61,690.54,10.2873,43.74,no_action
78.51,92.03,1364.97,621.81,AWS,us-east-1,c5.2xlarge,8,16,0.34,148.08,709.12,84.1627,85.27,scale_up
77.38,74.11,1292.8,561.5,Azure,eu-west-1,t3.micro,2,1,0.0116,70.3,687.17,4.3005,75.74,no_action
51.61,53.96,172.15,169.9,AWS,eu-west-1,t3.micro,2,1,0.0116,330.76,871.09,5.6785,52.78,no_action
91.71,95.35,854.63,327.62,GCP,us-east-1,m5.xlarge,4,16,0.192,493.45,534.76,17.6718,93.53,scale_up
43.55,49.34,261.84,142.79,AWS,us-east-1,m5.xlarge,4,16,0.192,315.35,32.87,105.5695,46.45,no_action
56.79,36.83,224.55,55.07,AWS,eu-west-1,c5.2xlarge,8,16,0.34,385.3,808.01,199.8501,46.81,no_action
57.67,39.24,322.32,251.97,AWS,us-east-1,c5.2xlarge,8,16,0.34,132.26,1164.84,83.2884,48.46,no_action
74.75,52.55,429.78,231.28,Azure,us-east-1,t3.micro,2,1,0.0116,427.14,355.86,1.8678,63.65,no_action
0.75,13.45,61.08,15.93,GCP,ap-south-1,c5.2xlarge,8,16,0.34,387.34,1943.24,230.9703,7.1,scale_down
39.37,58.28,213.77,116.81,GCP,us-east-1,t3.medium,2,4,0.0464,440.23,333.33,2.1947,48.83,no_action
31.27,48.0,360.55,253.85,Azure,us-east-1,c5.2xlarge,8,16,0.34,137.39,1032.05,162.1749,39.63,no_action
92.86,76.53,676.62,514.99,GCP,eu-west-1,m5.xlarge,4,16,0.192,328.38,475.65,25.5461,84.69,scale_up
40.52,32.15,271.7,247.05,GCP,us-west-2,c5.2xlarge,8,16,0.34,359.06,1722.98,2.6826,36.34,no_action
0.23,1.52,61.01,31.31,GCP,us-west-2,t3.medium,2,4,0.0464,439.7,1261.82,7.6433,0.87,scale_down
34.05,69.86,320.61,225.12,GCP,eu-west-1,t3.medium,2,4,0.0464,206.34,1099.95,31.4923,51.96,no_action
94.81,71.86,581.63,479.1,Azure,eu-west-1,t3.medium,2,4,0.0464,259.52,818.49,1.5415,83.33,scale_up
75.2,71.65,692.52,573.96,GCP,us-east-1,t3.micro,2,1,0.0116,15.39,320.31,6.5292,73.42,no_action
44.31,51.06,412.33,242.23,Azure,us-west-2,t3.micro,2,1,0.0116,180.34,1391.61,7.8623,47.68,no_action
34.72,64.88,306.66,146.29,AWS,eu-west-1,t3.medium,2,4,0.0464,33.22,767.76,30.1788,49.8,no_action
47.9,66.39,482.4,80.1,GCP,us-west-2,t3.large,2,8,0.0928,63.96,1870.37,19.8276,57.14,no_action
80.27,81.11,1308.74,461.56,Azure,us-east-1,m5.xlarge,4,16,0.192,441.62,119.37,130.0892,80.69,scale_up
83.11,79.31,1147.81,336.73,AWS,us-east-1,t3.micro,2,1,0.0116,247.25,276.41,6.8485,81.21,scale_up
96.02,93.61,1156.47,579.71,GCP,us-west-2,c5.2xlarge,8,16,0.34,482.41,1759.27,157.8775,94.81,scale_up
93.93,96.68,1216.71,783.34,GCP,us-east-1,c5.2xlarge,8,16,0.34,495.59,278.16,236.2812,95.31,scale_up
84.21,96.55,1255.24,493.95,AWS,ap-south-1,c5.2xlarge,8,16,0.34,469.4,162.44,235.3234,90.38,scale_up
76.24,84.75,968.64,346.65,Azure,eu-west-1,c5.2xlarge,8,16,0.34,134.62,1907.11,27.4107,80.5,scale_up
32.9,59.35,315.64,99.65,Azure,eu-west-1,t3.medium,2,4,0.0464,272.06,374.17,14.6834,46.13,no_action
36.1,49.76,161.06,92.54,GCP,ap-south-1,t3.medium,2,4,0.0464,7.16,648.44,3.0422,42.93,no_action
0.55,16.36,72.78,31.09,Azure,us-east-1,t3.large,2,8,0.0928,381.46,1454.13,46.2673,8.45,scale_down
62.25,65.05,208.89,135.52,AWS,eu-west-1,t3.medium,2,4,0.0464,465.72,1161.24,6.0169,63.65,no_action
22.37,6.24,87.61,26.29,GCP,us-west-2,t3.large,2,8,0.0928,445.2,666.36,4.233,14.31,no_action
28.71,20.73,88.69,22.65,GCP,eu-west-1,t3.large,2,8,0.0928,386.96,1687.66,47.5247,24.72,no_action
95.24,98.51,965.24,720.64,AWS,us-west-2,m5.xlarge,4,16,0.192,369.83,1327.87,75.7201,96.87,scale_up
29.81,27.48,8.49,16.66,GCP,ap-south-1,t3.medium,2,4,0.0464,472.84,1611.02,30.4449,28.65,no_action
21.26,3.94,66.74,44.45,GCP,us-west-2,c5.2xlarge,8,16,0.34,215.64,832.9,108.6011,12.6,no_action
29.94,17.56,75.12,10.13,AWS,us-west-2,t3.large,2,8,0.0928,335.43,1302.97,60.2243,23.75,no_action
62.24,66.03,151.5,116.32,GCP,eu-west-1,c5.2xlarge,8,16,0.34,460.05,1893.0,118.6927,64.13,no_action
60.68,66.47,430.17,162.65,GCP,us-east-1,t3.micro,2,1,0.0116,196.95,487.16,3.1178,63.57,no_action
68.03,69.54,493.53,158.44,AWS,ap-south-1,c5.2xlarge,8,16,0.34,245.45,613.77,77.105,68.78,no_action
36.2,31.67,251.85,205.69,Azure,ap-south-1,c5.2xlarge,8,16,0.34,60.36,633.52,102.4658,33.93,no_action
4.13,26.68,91.36,23.04,AWS,us-east-1,t3.medium,2,4,0.0464,404.36,732.75,28.6795,15.4,no_action
22.9,18.25,36.54,9.08,GCP,ap-south-1,t3.micro,2,1,0.0116,344.9,1989.95,3.9096,20.57,no_action
21.93,7.13,43.58,7.43,GCP,ap-south-1,t3.medium,2,4,0.0464,25.76,135.51,31.4897,14.53,no_action
62.7,42.19,121.19,143.4,GCP,us-west-2,t3.large,2,8,0.0928,362.13,660.65,42.099,52.45,no_action
70.85,42.21,178.38,281.51,GCP,ap-south-1,t3.large,2,8,0.0928,57.2,113.08,58.7701,56.53,no_action
22.24,1.2,67.62,32.04,GCP,us-west-2,c5.2xlarge,8,16,0.34,482.07,1933.58,92.6968,11.72,no_action
61.04,52.71,271.86,254.53,AWS,us-east-1,t3.large,2,8,0.0928,398.24,1466.56,5.2326,56.88,no_action
75.95,76.25,786.09,367.76,GCP,ap-south-1,t3.micro,2,1,0.0116,37.52,1513.66,1.3817,76.1,no_action
40.14,39.61,329.88,190.16,Azure,ap-south-1,c5.2xlarge,8,16,0.34,385.52,1518.05,164.2963,39.88,no_action
86.48,89.77,854.92,415.51,GCP,ap-south-1,t3.large,2,8,0.0928,410.39,732.58,13.0585,88.12,scale_up
79.6,71.62,1073.31,713.16,AWS,ap-south-1,t3.micro,2,1,0.0116,166.44,1231.03,0.4466,75.61,no_action
89.5,81.51,593.59,539.92,AWS,us-west-2,m5.xlarge,4,16,0.192,108.63,1363.55,50.5017,85.5,scale_up
79.81,87.7,1241.09,491.48,Azure,ap-south-1,t3.micro,2,1,0.0116,56.83,1436.33,2.5112,83.76,scale_up
56.67,44.34,108.26,74.23,AWS,us-west-2,t3.micro,2,1,0.0116,148.8,1322.81,0.8333,50.5,no_action
79.3,72.02,1171.33,578.04,Azure,eu-west-1,m5.xlarge,4,16,0.192,416.37,206.79,20.1721,75.66,no_action
48.38,42.06,132.09,284.86,AWS,eu-west-1,m5.xlarge,4,16,0.192,276.53,1577.79,91.0769,45.22,no_action
4.67,5.17,51.24,38.64,GCP,eu-west-1,m5.xlarge,4,16,0.192,113.44,131.33,75.5019,4.92,scale_down
92.99,98.58,764.11,352.62,Azure,eu-west-1,t3.large,2,8,0.0928,240.41,1714.83,36.9223,95.78,scale_up
40.02,31.6,321.36,83.2,Azure,eu-west-1,c5.2xlarge,8,16,0.34,174.65,1025.28,221.2665,35.81,no_action
4.43,22.37,63.61,9.38,Azure,us-east-1,t3.medium,2,4,0.0464,89.51,1741.95,14.0481,13.4,no_action
15.44,22.17,29.84,22.41,GCP,us-west-2,t3.micro,2,1,0.0116,165.68,227.44,3.4895,18.81,no_action
64.14,42.91,419.01,134.73,AWS,ap-south-1,m5.xlarge,4,16,0.192,131.77,452.67,27.7884,53.52,no_action
77.13,79.41,1157.85,521.11,Azure,us-west-2,t3.large,2,8,0.0928,276.84,1491.17,27.3478,78.27,no_action
6.24,11.53,54.4,30.65,Azure,eu-west-1,t3.micro,2,1,0.0116,236.75,1622.15,6.4137,8.88,scale_down
23.36,28.69,26.65,13.38,AWS,us-east-1,t3.large,2,8,0.0928,445.03,1546.73,61.9149,26.02,no_action
87.6,74.67,628.08,307.3,GCP,ap-south-1,t3.large,2,8,0.0928,316.97,724.46,7.1113,81.13,scale_up
9.6,10.02,83.99,32.39,AWS,us-east-1,t3.micro,2,1,0.0116,356.53,1275.64,7.9033,9.81,scale_down
6.58,22.0,51.81,0.58,Azure,eu-west-1,t3.micro,2,1,0.0116,260.91,207.95,5.5084,14.29,no_action
15.74,0.39,73.62,36.61,AWS,us-west-2,t3.medium,2,4,0.0464,86.75,1913.75,7.5163,8.07,scale_down
82.73,90.63,1069.13,524.75,GCP,eu-west-1,m5.xlarge,4,16,0.192,328.79,335.5,8.9566,86.68,scale_up
97.08,95.24,845.89,670.82,Azure,ap-south-1,t3.large,2,8,0.0928,247.35,1934.66,63.4772,96.16,scale_up
75.72,75.12,710.92,758.37,AWS,us-east-1,m5.xlarge,4,16,0.192,354.81,1236.02,122.345,75.42,no_action
56.93,44.96,249.98,83.27,Azure,ap-south-1,m5.xlarge,4,16,0.192,470.67,1503.48,0.3637,50.95,no_action
84.08,72.54,964.74,805.74,AWS,us-west-2,t3.micro,2,1,0.0116,138.75,1532.08,1.5415,78.31,scale_up
83.23,83.26,692.23,569.98,AWS,ap-south-1,t3.medium,2,4,0.0464,82.8,1122.42,22.1889,83.24,scale_up
28.47,9.87,69.39,43.0,Azure,eu-west-1,c5.2xlarge,8,16,0.34,193.33,1930.07,65.1201,19.17,no_action
8.56,4.09,75.91,46.48,AWS,us-west-2,t3.large,2,8,0.0928,302.35,1272.69,50.9988,6.32,scale_down
90.19,87.28,896.85,894.42,GCP,eu-west-1,t3.micro,2,1,0.0116,441.54,1501.68,4.4933,88.74,scale_up
78.17,73.4,1179.87,898.57,AWS,us-west-2,t3.medium,2,4,0.0464,334.77,532.07,6.829,75.78,no_action
3.48,3.9,13.03,34.06,Azure,us-east-1,t3.medium,2,4,0.0464,189.47,1469.3,13.5736,3.69,scale_down
74.17,36.32,368.58,109.3,Azure,us-east-1,t3.micro,2,1,0.0116,252.58,1603.01,4.0866,55.25,no_action
11.86,6.98,34.29,3.55,Azure,us-west-2,m5.xlarge,4,16,0.192,169.23,926.88,132.0942,9.42,scale_down
79.77,85.57,1172.51,326.6,Azure,eu-west-1,t3.micro,2,1,0.0116,114.43,916.81,2.7723,82.67,scale_up
97.36,78.79,1231.13,767.95,Azure,us-west-2,m5.xlarge,4,16,0.192,481.76,1002.03,85.2069,88.07,scale_up
49.69,64.22,120.07,270.49,AWS,us-east-1,t3.medium,2,4,0.0464,426.77,1017.67,16.4004,56.96,no_action
41.95,68.28,197.73,276.27,AWS,us-east-1,t3.large,2,8,0.0928,364.26,1483.64,51.132,55.11,no_action
22.49,22.73,65.23,25.35,AWS,ap-south-1,m5.xlarge,4,16,0.192,79.24,666.09,19.093,22.61,no_action
87.55,87.62,1130.43,729.73,Azure,us-west-2,c5.2xlarge,8,16,0.34,329.84,1698.67,72.5707,87.59,scale_up
5.59,21.57,66.85,37.41,AWS,ap-south-1,m5.xlarge,4,16,0.192,98.52,323.6,32.8381,13.58,no_action
27.76,1.76,1.16,34.96,Azure,eu-west-1,c5.2xlarge,8,16,0.34,143.25,674.82,134.0112,14.76,no_action
50.47,30.36,258.24,196.83,AWS,eu-west-1,m5.xlarge,4,16,0.192,287.12,1502.04,92.7361,40.42,no_action
18.18,14.84,91.3,18.86,GCP,us-east-1,c5.2xlarge,8,16,0.34,113.89,1220.12,152.89,16.51,scale_down
21.98,3.32,21.21,48.78,Azure,us-east-1,t3.large,2,8,0.0928,364.6,1830.94,20.3674,12.65,no_action
22.43,15.53,65.76,25.58,Azure,us-east-1,t3.medium,2,4,0.0464,19.15,141.35,12.8486,18.98,no_action
40.07,62.61,438.39,101.6,GCP,us-east-1,t3.medium,2,4,0.0464,356.86,1466.19,5.9533,51.34,no_action
22.77,17.96,96.11,9.58,GCP,eu-west-1,c5.2xlarge,8,16,0.34,471.97,808.86,129.5124,20.37,no_action
55.77,36.55,410.74,265.18,AWS,ap-south-1,t3.large,2,8,0.0928,445.17,615.11,44.1792,46.16,no_action
94.07,83.19,1355.55,743.36,Azure,us-west-2,t3.micro,2,1,0.0116,191.38,1808.04,2.3747,88.63,scale_up
1.62,8.22,74.13,46.11,Azure,eu-west-1,c5.2xlarge,8,16,0.34,19.24,10.02,62.9811,4.92,scale_down
88.87,77.14,1245.61,567.81,Azure,us-east-1,t3.micro,2,1,0.0116,340.91,1706.09,4.4801,83.0,scale_up
66.75,68.68,284.35,256.21,Azure,eu-west-1,t3.large,2,8,0.0928,351.35,1935.1,54.2126,67.72,no_action
30.74,40.05,468.7,281.52,Azure,ap-south-1,t3.micro,2,1,0.0116,400.43,1963.74,6.7385,35.4,no_action
79.05,92.52,744.8,301.68,GCP,us-east-1,t3.large,2,8,0.0928,456.42,1249.64,29.7805,85.78,scale_up
13.62,8.32,91.64,19.4,GCP,ap-south-1,t3.micro,2,1,0.0116,254.19,664.43,5.5399,10.97,scale_down
0.12,10.93,16.86,37.87,AWS,us-east-1,m5.xlarge,4,16,0.192,30.05,1111.44,40.906,5.52,scale_down
80.59,78.25,1086.77,695.8,Azure,us-east-1,m5.xlarge,4,16,0.192,13.71,491.32,59.6867,79.42,scale_up
18.78,10.14,70.07,42.18,AWS,us-west-2,t3.large,2,8,0.0928,299.44,1571.08,50.0755,14.46,scale_down
95.75,83.54,1365.89,353.57,Azure,us-west-2,m5.xlarge,4,16,0.192,412.27,327.69,46.2782,89.64,scale_up
19.53,4.32,93.49,49.46,Azure,eu-west-1,t3.large,2,8,0.0928,219.52,1193.7,51.952,11.92,scale_down
89.52,90.76,1390.1,824.47,AWS,us-west-2,t3.micro,2,1,0.0116,489.11,1029.04,6.9405,90.14,scale_up
95.46,99.57,756.34,333.68,Azure,us-west-2,t3.medium,2,4,0.0464,408.69,1244.26,32.0635,97.52,scale_up
49.06,36.44,202.98,281.42,GCP,eu-west-1,m5.xlarge,4,16,0.192,74.81,1937.71,69.8701,42.75,no_action
57.81,58.22,431.53,269.42,Azure,ap-south-1,m5.xlarge,4,16,0.192,323.11,1781.11,74.1026,58.02,no_action
60.11,40.35,390.87,54.02,AWS,us-east-1,t3.large,2,8,0.0928,80.05,497.57,51.6655,50.23,no_action
30.41,60.48,324.04,275.17,Azure,us-east-1,c5.2xlarge,8,16,0.34,20.36,550.07,179.1018,45.45,no_action
65.72,31.34,387.05,113.02,GCP,eu-west-1,t3.micro,2,1,0.0116,474.19,1081.06,0.2901,48.53,no_action
5.6,7.07,79.3,4.67,GCP,us-east-1,t3.medium,2,4,0.0464,221.55,55.9,11.6164,6.33,scale_down
43.95,36.47,344.47,216.57,GCP,ap-south-1,t3.micro,2,1,0.0116,336.45,448.37,4.977,40.21,no_action
21.5,10.5,73.43,47.02,GCP,eu-west-1,c5.2xlarge,8,16,0.34,51.08,619.15,113.6047,16.0,no_action
46.71,56.79,272.71,240.33,GCP,eu-west-1,t3.micro,2,1,0.0116,411.59,1346.98,4.1095,51.75,no_action
30.63,47.55,428.26,245.02,Azure,us-east-1,t3.medium,2,4,0.0464,259.13,507.04,15.5625,39.09,no_action
61.24,49.66,241.8,253.24,GCP,eu-west-1,t3.micro,2,1,0.0116,249.99,1989.43,3.8242,55.45,no_action
17.22,5.83,59.48,37.77,Azure,eu-west-1,m5.xlarge,4,16,0.192,73.51,1635.64,76.8628,11.52,scale_down
26.98,22.88,84.68,45.44,GCP,eu-west-1,c5.2xlarge,8,16,0.34,456.75,238.13,111.908,24.93,no_action
5.97,19.19,64.44,8.02,GCP,ap-south-1,t3.micro,2,1,0.0116,123.07,929.42,1.5813,12.58,scale_down
97.54,82.88,1314.23,533.3,Azure,ap-south-1,c5.2xlarge,8,16,0.34,426.21,1276.89,34.8203,90.21,scale_up
85.17,70.73,1418.76,532.21,GCP,us-west-2,c5.2xlarge,8,16,0.34,494.34,1525.28,20.0227,77.95,scale_up
81.41,97.48,999.98,701.68,Azure,us-east-1,t3.large,2,8,0.0928,144.07,1050.68,23.4526,89.45,scale_up
59.34,64.41,156.11,157.48,Azure,us-east-1,t3.medium,2,4,0.0464,53.13,785.29,0.5504,61.88,no_action
1.8,6.82,25.94,19.33,GCP,ap-south-1,c5.2xlarge,8,16,0.34,402.42,779.25,50.3696,4.31,scale_down
4.7,25.94,31.13,16.34,AWS,us-east-1,t3.large,2,8,0.0928,41.6,1772.94,11.7367,15.32,no_action
75.3,78.64,509.22,438.04,GCP,ap-south-1,t3.micro,2,1,0.0116,212.65,251.62,0.8813,76.97,no_action
10.37,20.31,20.47,30.92,AWS,us-west-2,c5.2xlarge,8,16,0.34,69.14,14.14,228.0623,15.34,no_action
44.75,46.03,382.42,191.45,Azure,ap-south-1,t3.large,2,8,0.0928,463.05,60.63,47.3459,45.39,no_action
95.89,88.23,1481.5,867.79,Azure,eu-west-1,c5.2xlarge,8,16,0.34,486.62,1904.02,2.2128,92.06,scale_up
28.3,14.51,99.51,33.68,Azure,us-east-1,c5.2xlarge,8,16,0.34,39.08,244.26,224.2925,21.41,no_action
52.73,31.2,487.86,214.01,GCP,eu-west-1,m5.xlarge,4,16,0.192,260.16,552.72,91.0412,41.97,no_action
49.31,55.78,474.88,76.97,Azure,eu-west-1,t3.medium,2,4,0.0464,54.13,1707.08,16.9406,52.55,no_action
27.72,19.06,10.59,44.76,GCP,us-west-2,t3.large,2,8,0.0928,397.28,1504.25,2.5434,23.39,no_action
82.69,78.57,804.59,700.84,AWS,us-west-2,t3.large,2,8,0.0928,477.29,665.61,27.2923,80.63,scale_up
45.38,48.38,214.8,138.53,GCP,ap-south-1,t3.medium,2,4,0.0464,19.31,1963.29,20.8907,46.88,no_action
67.19,51.87,226.96,235.85,Azure,us-east-1,t3.large,2,8,0.0928,374.22,1005.34,3.1059,59.53,no_action
81.17,99.39,1328.76,657.52,Azure,ap-south-1,m5.xlarge,4,16,0.192,464.98,896.11,135.9319,90.28,scale_up
27.37,12.37,94.15,25.84,Azure,ap-south-1,t3.medium,2,4,0.0464,263.65,1204.44,8.9984,19.87,no_action
21.5,20.48,55.9,6.3,GCP,ap-south-1,c5.2xlarge,8,16,0.34,98.67,586.04,217.9476,20.99,no_action
62.2,34.41,207.61,289.63,Azure,us-east-1,t3.large,2,8,0.0928,136.74,600.08,13.2771,48.31,no_action
33.19,53.81,188.01,126.02,AWS,us-west-2,t3.large,2,8,0.0928,69.17,504.85,54.892,43.5,no_action
94.81,90.97,760.89,737.5,AWS,us-west-2,t3.micro,2,1,0.0116,359.69,924.1,5.7551,92.89,scale_up
70.28,45.38,261.48,202.1,GCP,ap-south-1,c5.2xlarge,8,16,0.34,377.73,1471.9,5.18,57.83,no_action
62.07,69.42,316.52,117.84,GCP,us-east-1,c5.2xlarge,8,16,0.34,343.42,1958.96,43.6617,65.74,no_action
55.48,60.04,127.36,263.75,AWS,us-west-2,t3.large,2,8,0.0928,399.53,1551.11,1.5596,57.76,no_action
72.77,31.42,398.37,210.69,Azure,eu-west-1,m5.xlarge,4,16,0.192,128.51,1019.56,18.0766,52.09,no_action
48.26,31.59,245.73,262.41,GCP,ap-south-1,t3.micro,2,1,0.0116,381.69,449.62,3.4567,39.93,no_action
10.85,5.59,33.2,28.18,GCP,ap-south-1,t3.micro,2,1,0.0116,364.6,968.96,4.3953,8.22,scale_down
23.79,6.62,64.86,1.3,AWS,us-west-2,m5.xlarge,4,16,0.192,424.87,1902.58,91.5968,15.21,no_action
58.19,58.76,157.07,85.02,AWS,us-east-1,m5.xlarge,4,16,0.192,359.49,869.25,122.9445,58.47,no_action
78.13,82.09,1496.99,404.01,Azure,us-east-1,c5.2xlarge,8,16,0.34,77.01,1830.96,215.9661,80.11,scale_up
64.55,49.78,496.55,60.96,GCP,eu-west-1,m5.xlarge,4,16,0.192,121.01,799.13,62.2829,57.16,no_action
44.7,41.45,452.78,90.43,Azure,us-east-1,c5.2xlarge,8,16,0.34,94.63,1147.72,84.3508,43.07,no_action
21.96,22.26,99.66,40.13,Azure,eu-west-1,m5.xlarge,4,16,0.192,415.43,1903.3,21.0557,22.11,no_action
67.77,60.5,388.35,299.29,Azure,eu-west-1,t3.micro,2,1,0.0116,133.39,1473.56,4.6105,64.13,no_action
17.86,24.75,54.53,11.0,GCP,us-east-1,m5.xlarge,4,16,0.192,172.09,769.26,134.5037,21.31,no_action
76.39,95.51,1066.25,377.13,GCP,ap-south-1,t3.medium,2,4,0.0464,196.34,180.23,21.3315,85.95,scale_up
33.4,41.46,135.24,264.88,GCP,us-east-1,c5.2xlarge,8,16,0.34,297.58,1805.19,168.6148,37.43,no_action
85.8,88.02,507.4,509.14,AWS,ap-south-1,c5.2xlarge,8,16,0.34,305.68,1904.3,100.2138,86.91,scale_up
89.76,97.48,1335.22,409.38,Azure,us-west-2,t3.medium,2,4,0.0464,384.11,467.44,9.7447,93.62,scale_up
76.6,78.79,1081.78,826.14,AWS,us-west-2,t3.micro,2,1,0.0116,63.82,835.77,2.2781,77.7,no_action
31.76,59.7,232.36,230.54,AWS,us-west-2,t3.micro,2,1,0.0116,355.29,1074.23,6.4952,45.73,no_action
94.97,86.84,1332.04,302.86,AWS,us-east-1,c5.2xlarge,8,16,0.34,375.85,112.52,232.6011,90.91,scale_up
50.22,65.81,415.26,81.63,AWS,ap-south-1,t3.medium,2,4,0.0464,307.1,1991.85,19.9149,58.02,no_action
46.73,58.96,299.99,192.64,Azure,us-east-1,m5.xlarge,4,16,0.192,357.89,1557.37,37.6743,52.85,no_action
45.4,52.73,121.39,177.44,Azure,eu-west-1,t3.micro,2,1,0.0116,187.15,1073.99,3.5357,49.07,no_action
28.8,14.76,53.0,6.54,GCP,us-east-1,t3.large,2,8,0.0928,72.84,1547.79,57.1898,21.78,no_action
46.61,56.79,475.33,71.45,AWS,us-east-1,t3.large,2,8,0.0928,167.1,893.69,30.4642,51.7,no_action
5.12,6.59,34.94,46.35,AWS,eu-west-1,t3.medium,2,4,0.0464,254.39,1297.2,12.9648,5.86,scale_down
26.8,14.79,35.7,40.39,Azure,eu-west-1,m5.xlarge,4,16,0.192,338.18,91.34,48.6111,20.8,no_action
25.98,1.79,72.58,16.82,Azure,us-east-1,m5.xlarge,4,16,0.192,342.63,1238.28,69.6371,13.89,no_action
11.98,12.03,40.54,4.9,AWS,us-east-1,t3.medium,2,4,0.0464,487.87,285.63,11.4189,12.0,scale_down
21.86,28.94,78.27,14.93,AWS,us-east-1,t3.micro,2,1,0.0116,322.48,1347.76,8.3355,25.4,no_action
99.3,75.36,1011.21,443.79,Azure,ap-south-1,m5.xlarge,4,16,0.192,466.51,1963.23,112.6594,87.33,scale_up
97.27,97.44,918.87,693.92,AWS,us-west-2,m5.xlarge,4,16,0.192,86.95,875.52,87.3692,97.35,scale_up
26.68,29.08,71.93,27.44,AWS,us-west-2,t3.medium,2,4,0.0464,138.3,1998.61,19.7215,27.88,no_action
38.46,67.75,263.83,56.37,GCP,ap-south-1,t3.micro,2,1,0.0116,113.79,1387.21,1.6932,53.1,no_action
98.13,86.56,1290.49,428.58,AWS,us-east-1,m5.xlarge,4,16,0.192,175.3,1750.41,7.1092,92.34,scale_up
79.01,82.82,610.18,567.8,GCP,eu-west-1,t3.large,2,8,0.0928,282.96,10.66,7.7156,80.91,scale_up
48.91,65.42,402.07,199.24,AWS,us-west-2,t3.medium,2,4,0.0464,10.32,1760.79,14.8812,57.16,no_action
93.63,80.14,851.36,371.19,Azure,us-west-2,c5.2xlarge,8,16,0.34,77.69,379.66,80.5733,86.88,scale_up
62.53,68.79,444.73,101.06,Azure,ap-south-1,t3.medium,2,4,0.0464,361.29,585.31,22.8481,65.66,no_action
33.36,43.92,190.34,229.73,GCP,eu-west-1,m5.xlarge,4,16,0.192,247.59,1504.63,71.3275,38.64,no_action
9.57,10.0,73.9,12.58,Azure,ap-south-1,t3.large,2,8,0.0928,448.9,1127.23,35.9787,9.79,scale_down
12.93,21.79,69.34,10.22,AWS,ap-south-1,t3.micro,2,1,0.0116,33.96,1096.55,5.8524,17.36,no_action
11.46,20.68,59.83,2.65,Azure,us-east-1,c5.2xlarge,8,16,0.34,43.8,51.32,90.9941,16.07,no_action
12.57,6.7,16.31,22.85,AWS,us-west-2,t3.micro,2,1,0.0116,401.34,589.79,4.2862,9.63,scale_down
91.86,90.59,1152.51,549.36,Azure,eu-west-1,m5.xlarge,4,16,0.192,54.58,1823.23,70.2832,91.22,scale_up
42.41,69.23,448.31,129.17,AWS,eu-west-1,c5.2xlarge,8,16,0.34,156.09,216.03,214.739,55.82,no_action
12.24,24.21,43.03,35.05,GCP,us-east-1,t3.large,2,8,0.0928,218.44,791.59,66.1961,18.22,no_action
75.99,91.2,872.16,792.75,GCP,us-west-2,c5.2xlarge,8,16,0.34,185.11,752.93,190.8186,83.6,scale_up
40.83,52.73,101.6,128.1,GCP,us-east-1,m5.xlarge,4,16,0.192,107.94,1311.83,18.9719,46.78,no_action
82.78,76.67,616.91,392.5,AWS,us-west-2,t3.micro,2,1,0.0116,418.59,1369.81,4.0493,79.72,scale_up
67.05,55.13,492.67,286.13,GCP,us-west-2,t3.medium,2,4,0.0464,89.12,1944.25,31.591,61.09,no_action
41.98,35.18,331.01,126.59,Azure,us-east-1,t3.micro,2,1,0.0116,335.08,1084.56,3.286,38.58,no_action
33.43,52.13,231.48,80.36,GCP,ap-south-1,t3.micro,2,1,0.0116,235.8,16.73,3.3626,42.78,no_action
27.49,6.23,53.93,13.9,Azure,us-east-1,c5.2xlarge,8,16,0.34,249.32,878.9,66.1122,16.86,no_action
81.04,83.91,1297.41,738.95,GCP,us-east-1,m5.xlarge,4,16,0.192,91.36,481.0,79.6059,82.48,scale_up
56.74,40.04,165.26,149.64,AWS,eu-west-1,t3.large,2,8,0.0928,45.6,1058.26,56.1139,48.39,no_action
96.2,72.42,1483.46,515.0,GCP,eu-west-1,m5.xlarge,4,16,0.192,167.74,192.35,81.0386,84.31,scale_up
88.04,89.46,815.18,728.86,GCP,us-east-1,t3.micro,2,1,0.0116,487.68,1794.96,2.4435,88.75,scale_up
87.3,77.67,556.15,846.61,Azure,ap-south-1,t3.medium,2,4,0.0464,164.6,857.91,27.6479,82.49,scale_up
89.73,90.57,1405.01,664.58,Azure,us-west-2,t3.micro,2,1,0.0116,229.35,1148.82,1.697,90.15,scale_up
49.2,32.89,457.34,202.86,AWS,us-west-2,t3.large,2,8,0.0928,62.28,1026.75,33.2712,41.04,no_action
22.47,6.09,86.23,17.13,Azure,eu-west-1,t3.medium,2,4,0.0464,473.52,152.78,16.2671,14.28,no_action
45.94,63.49,311.26,57.45,GCP,us-east-1,t3.large,2,8,0.0928,492.62,157.85,46.5294,54.71,no_action
44.24,61.02,472.13,139.71,Azure,us-east-1,c5.2xlarge,8,16,0.34,403.76,1001.83,97.2876,52.63,no_action
47.46,56.42,474.63,96.95,AWS,us-east-1,m5.xlarge,4,16,0.192,268.24,477.13,118.116,51.94,no_action
6.97,1.46,29.09,19.96,Azure,ap-south-1,m5.xlarge,4,16,0.192,314.45,1597.43,48.4816,4.22,scale_down
21.03,1.32,15.76,3.55,AWS,us-east-1,c5.2xlarge,8,16,0.34,9.89,618.93,96.2553,11.18,no_action
42.3,61.84,103.22,260.63,Azure,eu-west-1,c5.2xlarge,8,16,0.34,477.6,1435.11,179.6866,52.07,no_action
23.2,21.8,36.11,27.29,Azure,us-west-2,t3.medium,2,4,0.0464,328.69,1244.48,23.5658,22.5,no_action
41.73,36.91,155.57,141.6,AWS,ap-south-1,c5.2xlarge,8,16,0.34,249.25,135.32,231.7111,39.32,no_action
71.62,39.89,430.23,128.07,GCP,us-west-2,t3.large,2,8,0.0928,138.6,1803.77,3.2449,55.75,no_action
26.8,5.58,12.45,25.18,GCP,us-east-1,t3.large,2,8,0.0928,139.46,1216.53,34.3717,16.19,no_action
77.19,82.96,820.87,723.94,GCP,eu-west-1,t3.large,2,8,0.0928,435.77,1571.7,35.4986,80.08,scale_up
77.15,78.21,592.4,604.99,AWS,eu-west-1,t3.large,2,8,0.0928,221.99,356.36,11.7565,77.68,no_action
98.0,82.15,1091.05,831.25,AWS,us-west-2,t3.micro,2,1,0.0116,204.07,1643.11,7.641,90.08,scale_up
93.44,93.92,747.21,729.52,Azure,eu-west-1,c5.2xlarge,8,16,0.34,406.99,723.57,41.3366,93.68,scale_up
10.07,6.31,11.01,18.93,Azure,ap-south-1,t3.medium,2,4,0.0464,347.85,470.52,25.7196,8.19,scale_down
